Workbook

Sheet Device list
B1: 1 | C1: 2 | D1: 3 | E1: 4 | F1: 5 | H1: 6 | I1: 7 | J1: 8 | K1: 9 | L1: 10 | M1: 11
F2: ABB | G2: SMA | H2: Huawei | J2: Solar Edge
C3: Edge Computing | D3: UPS Battery | E3: Total | F3: Inverter | G3: Inverter | H3: Smart Logger | I3: Inverter | J3: Inverter | K3: Revenue Meter | L3: Pyranometer | M3: Grid Meter | N3: PIC Middleware | O3: Target Date install | P3: Yoko Remark | Q3: Remark | R3: mc id | S3: API Key | T3: Key ref
A4: 1 | B4: Solar1 | E4: =SUM(F4,I4,G4,J4) -> 5 | G4: 5 | L4: 2 | M4: 1 | O4: Done | P4: Solar1 ไม่มี internet | S4: ygm_FUHz9QdfDPQpc1IaSsdn0OIERUmQ1kA2zM7k85yTeyM | T4: O8sJQiAWhQTGDygbIDIea2u+QvxuaFJ+vHmdaAE+R2HcHnrfuD3bc82QeH/YFyaW32pTODZy/hLEWAKSwTijEg==
A5: 2 | B5: VISTEC1 | C5: 1 | E5: =SUM(F5,I5,J5) -> 6 | F5: 6 | H5: - | I5: - | K5: 6 | M5: 1 | N5: ABB : SAX | O5: 04/08/2026 13:30-15:30 | P5: อยู่ Zone เดียวกัน | Q5: ใช้ Pyranometer Vistec2 | R5: 0A775DA8A4CDE838 | S5: ygm_Y9VkJob0alwMR5M52lszfyPE4iodYXAdy-JBYzwTGo0
A6: 3 | B6: VISTEC2 | E6: =SUM(F6,I6,J6) -> 11 | F6: 10 | H6: 1 | I6: 1 | K6: 3 | L6: 1 | N6: Huawei : NA
A7: 4 | B7: KVIS | C7: 1 | E7: =SUM(F7,I7,J7) -> 1 | F7: 1 | K7: 1 | M7: 1 | N7: SMA : Nuttsu | Q7: ใช้ Pyranometer Vistec2
A8: 5 | B8: Thaioil1 | C8: 1 | E8: =SUM(F8,I8,J8) -> 7 | H8: 1 | I8: 7 | K8: 1 | L8: 1 | M8: 1 | N8: SolarEdge : | O8: 11/08/2026 13:30-16:30
A9: 6 | B9: Thaioil2 | C9: 1 | E9: =SUM(F9,I9,J9) -> 5 | H9: 1 | I9: 5 | K9: 4 | L9: 1 | M9: 2
A10: 7 | B10: PTTOR MINBURI | C10: 1 | E10: =SUM(F10,I10,J10) -> 2 | H10: 1 | I10: 2 | K10: 2 | M10: 1
A11: 8 | B11: PTTOR TALINCHAN | C11: 1 | E11: =SUM(F11,I11,J11) -> 1 | H11: 1 | I11: 1 | K11: 1 | M11: 1 | O11: 04/08/2026 15:30-16:30 | R11: 4A6E34BF9B08BB06 | S11: ygm_2SahybmGZfoApzOLk65zwIxvyodAXD2f0yhIamiDTvU
A12: 9 | B12: AICA | C12: 1 | D12: 1 | E12: =SUM(F12,I12,J12) -> 30 | H12: 2 | I12: 30 | K12: 2 | L12: 1 | M12: 1 | R12: 30AD4DF0D366091B | S12: ygm_00M8LbgAd96VvD56Nma1uccjIuvVkVbiqts87UbmWxI
A13: 10 | B13: SURETEX | C13: 1 | D13: 1 | E13: =SUM(F13,I13,J13) -> 17 | H13: 1 | I13: 17 | K13: 2 | L13: 1 | M13: 1 | O13: 05/08/2026 13:30-16:30 | R13: 0A8E57B5C2B538A2 | S13: ygm_RYsAtCAGydKABEGahLab43lBB9EHHeyyOouOL347RY4
A14: 11 | B14: SUT | C14: 1 | D14: 1 | E14: =SUM(F14,I14,J14) -> 31 | H14: 3 | I14: 31 | K14: 6 | L14: 2 | M14: 1 | R14: 4134D5B9244E5450 | S14: ygm_MoAMjwOy_Xh1tuEbsZM4_82BG6LloSLMfaAvhFTNzrs
A15: 12 | B15: PTIC | C15: 1 | D15: 1 | E15: =SUM(F15,I15,J15) -> 2 | H15: 1 | I15: 2 | K15: 1 | L15: 1 | M15: 1 | Q15: Add Smart Logger แยกของเราออกมา | R15: FDA2301E661BB7CD | S15: ygm_gY1iebmiCIELtHX1KsX4pS2LlsYDuBYy36VmiZ-BU10
A16: 13 | B16: RASC | C16: 1 | D16: 1 | E16: =SUM(F16,I16,J16) -> 3 | H16: 1 | I16: 3 | K16: 1 | L16: 1 | M16: 1 | P16: ตรวจสอบแล้วมี Internet | R16: 9ED732AAAB654915 | S16: ygm_09DCXdskJBE8_D8s0AhI7j7YdXiqG9Pzq23Pl7OpJeQ
A17: 14 | B17: INI | C17: 1 | D17: 1 | E17: =SUM(F17,I17,J17) -> 14 | H17: 2 | I17: 10 | J17: 4 | K17: 2 | L17: 5 | M17: 1 | O17: 07/08/2026 13:30-16:30
A18: 15 | B18: ENTER | C18: 1 | D18: 1 | E18: =SUM(F18,I18,J18) -> 9 | H18: 1 | I18: 9 | K18: 2 | L18: 1 | M18: 1
A19: 16 | B19: FUTUREFLEX | C19: 1 | D19: 1 | E19: =SUM(F19,I19,J19) -> 7 | H19: 2 | I19: 7 | K19: 2 | L19: 2 | M19: 2
C20: =SUM(C5:C19) -> 14 | D20: =SUM(D5:D19) -> 8
Q26: s

Sheet IP List
C1: Building | D1: No. | E1: Equipment | F1: Tag | G1: Description | H1: Capacity | I1: Unit | J1: Brand | K1: Model | L1: Serial | M1: IP | N1: Modbus Slave ID | O1: Port
A3: Vistec1 | B3: VT1 | C3: M1 | D3: 1 | E3: Inverter | F3: =B3&"-"&IF(C3="","",C3&"-")&IF(E3="Inverter","INV",IF(E3="Pyranometer","PRY",IF(E3="Revenue Meter","REV",IF(E3="Grid Meter","GMT","recheck"))))&"-"&TEXT(D3,"00") -> VT1-M1-INV-01 | G3: Buiding M1 Inverter | H3: 127.05 | I3: kWp | J3: ABB | K3: PVS-100-TL-POWER | M3: 10.204.30.64 | N3: 1 | O3: 502
A4: Vistec1 | B4: VT1 | C4: M2 | D4: 1 | E4: Inverter | F4: =B4&"-"&IF(C4="","",C4&"-")&IF(E4="Inverter","INV",IF(E4="Pyranometer","PRY",IF(E4="Revenue Meter","REV",IF(E4="Grid Meter","GMT","recheck"))))&"-"&TEXT(D4,"00") -> VT1-M2-INV-01 | G4: Buiding M2 Inverter | H4: 127.05 | I4: kWp | J4: ABB | K4: PVS-100-TL-POWER | M4: 10.204.30.65 | N4: 1 | O4: 502
A5: Vistec1 | B5: VT1 | C5: N | D5: 1 | E5: Inverter | F5: =B5&"-"&IF(C5="","",C5&"-")&IF(E5="Inverter","INV",IF(E5="Pyranometer","PRY",IF(E5="Revenue Meter","REV",IF(E5="Grid Meter","GMT","recheck"))))&"-"&TEXT(D5,"00") -> VT1-N-INV-01 | G5: Buiding N(Phase1) Inverter | H5: 57.75 | I5: kWp | J5: ABB | K5: PVS-50-TL-SX2 | M5: 10.204.30.66 | N5: 1 | O5: 502
A6: Vistec1 | B6: VT1 | C6: U | D6: 1 | E6: Inverter | F6: =B6&"-"&IF(C6="","",C6&"-")&IF(E6="Inverter","INV",IF(E6="Pyranometer","PRY",IF(E6="Revenue Meter","REV",IF(E6="Grid Meter","GMT","recheck"))))&"-"&TEXT(D6,"00") -> VT1-U-INV-01 | G6: Buiding U(Phase1) Inverter | H6: 41.58 | I6: kWp | J6: ABB | K6: PVS-50-TL-SX2 | M6: 10.204.30.62 | N6: 1 | O6: 502
A7: Vistec1 | B7: VT1 | C7: CP1 | D7: 1 | E7: Inverter | F7: =B7&"-"&IF(C7="","",C7&"-")&IF(E7="Inverter","INV",IF(E7="Pyranometer","PRY",IF(E7="Revenue Meter","REV",IF(E7="Grid Meter","GMT","recheck"))))&"-"&TEXT(D7,"00") -> VT1-CP1-INV-01 | G7: CP1 Buiding V Inverter | H7: 103.95 | I7: kWp | J7: ABB | K7: PVS-100-TL-POWER | M7: 10.204.30.63 | N7: 1 | O7: 502
A8: Vistec1 | B8: VT1 | C8: CP2 | D8: 1 | E8: Inverter | F8: =B8&"-"&IF(C8="","",C8&"-")&IF(E8="Inverter","INV",IF(E8="Pyranometer","PRY",IF(E8="Revenue Meter","REV",IF(E8="Grid Meter","GMT","recheck"))))&"-"&TEXT(D8,"00") -> VT1-CP2-INV-01 | G8: CP2 Buiding X Inverter | H8: 48.51 | I8: kWp | J8: ABB | K8: PVS-50-TL-SX2 | M8: 10.204.30.61 | N8: 1 | O8: 502
A9: Vistec1 | B9: VT1 | C9: M1 | D9: 1 | E9: Revenue Meter | F9: =B9&"-"&IF(C9="","",C9&"-")&IF(E9="Inverter","INV",IF(E9="Pyranometer","PRY",IF(E9="Revenue Meter","REV",IF(E9="Grid Meter","GMT","recheck"))))&"-"&TEXT(D9,"00") -> VT1-M1-REV-01 | G9: Building M1 Revenue Meter | J9: EDMI | K9: MK6E | L9: 219150730 | M9: 10.204.30.53 | N9: 5 | O9: 502
A10: Vistec1 | B10: VT1 | C10: M2 | D10: 1 | E10: Revenue Meter | F10: =B10&"-"&IF(C10="","",C10&"-")&IF(E10="Inverter","INV",IF(E10="Pyranometer","PRY",IF(E10="Revenue Meter","REV",IF(E10="Grid Meter","GMT","recheck"))))&"-"&TEXT(D10,"00") -> VT1-M2-REV-01 | G10: Building M2 Revenue Meter | J10: EDMI | K10: MK6E | L10: 219150723 | M10: 10.204.30.54 | N10: 3 | O10: 502
A11: Vistec1 | B11: VT1 | C11: V | D11: 1 | E11: Revenue Meter | F11: =B11&"-"&IF(C11="","",C11&"-")&IF(E11="Inverter","INV",IF(E11="Pyranometer","PRY",IF(E11="Revenue Meter","REV",IF(E11="Grid Meter","GMT","recheck"))))&"-"&TEXT(D11,"00") -> VT1-V-REV-01 | G11: Carpark Buiding V Revenue Meter | J11: EDMI | K11: MK6E | L11: 219150729 | M11: 10.204.30.52 | N11: 4 | O11: 502
A12: Vistec1 | B12: VT1 | C12: X | D12: 1 | E12: Revenue Meter | F12: =B12&"-"&IF(C12="","",C12&"-")&IF(E12="Inverter","INV",IF(E12="Pyranometer","PRY",IF(E12="Revenue Meter","REV",IF(E12="Grid Meter","GMT","recheck"))))&"-"&TEXT(D12,"00") -> VT1-X-REV-01 | G12: Building U(Phase1) Revenue Meter | J12: EDMI | K12: MK6E | L12: 219150735 | M12: 10.204.30.50 | N12: 8 | O12: 502
A13: Vistec1 | B13: VT1 | C13: N | D13: 1 | E13: Revenue Meter | F13: =B13&"-"&IF(C13="","",C13&"-")&IF(E13="Inverter","INV",IF(E13="Pyranometer","PRY",IF(E13="Revenue Meter","REV",IF(E13="Grid Meter","GMT","recheck"))))&"-"&TEXT(D13,"00") -> VT1-N-REV-01 | G13: Building N(Phase1) Revenue Meter | J13: EDMI | K13: MK6E | L13: 219150736 | M13: 10.204.30.55 | N13: 10 | O13: 502
A14: Vistec1 | B14: VT1 | C14: U | D14: 1 | E14: Revenue Meter | F14: =B14&"-"&IF(C14="","",C14&"-")&IF(E14="Inverter","INV",IF(E14="Pyranometer","PRY",IF(E14="Revenue Meter","REV",IF(E14="Grid Meter","GMT","recheck"))))&"-"&TEXT(D14,"00") -> VT1-U-REV-01 | G14: Carpark Buiding X Revenue Meter | J14: EDMI | K14: MK6E | L14: 219150734 | M14: 10.204.30.51 | N14: 9 | O14: 502
A15: Vistec1 | B15: VT1 | C15: V3 | D15: 1 | E15: Grid Meter | F15: =B15&"-"&IF(C15="","",C15&"-")&IF(E15="Inverter","INV",IF(E15="Pyranometer","PRY",IF(E15="Revenue Meter","REV",IF(E15="Grid Meter","GMT","recheck"))))&"-"&TEXT(D15,"00") -> VT1-V3-GMT-01 | G15: V3 Buiding Grid Meter | M15: 10.204.30.81 | N15: 1 | O15: 502
A16: Vistec2 | B16: VT2 | C16: M3 | D16: 1 | E16: Inverter | F16: =B16&"-"&IF(C16="","",C16&"-")&IF(E16="Inverter","INV",IF(E16="Pyranometer","PRY",IF(E16="Revenue Meter","REV",IF(E16="Grid Meter","GMT","recheck"))))&"-"&TEXT(D16,"00") -> VT2-M3-INV-01 | G16: Building M3 Inverter No.1 | H16: 110.88 | I16: kWp | J16: ABB | K16: PVS-100-TL-POWER | M16: 10.204.30.101 | N16: 1 | O16: 502
A17: Vistec2 | B17: VT2 | C17: M3 | D17: 2 | E17: Inverter | F17: =B17&"-"&IF(C17="","",C17&"-")&IF(E17="Inverter","INV",IF(E17="Pyranometer","PRY",IF(E17="Revenue Meter","REV",IF(E17="Grid Meter","GMT","recheck"))))&"-"&TEXT(D17,"00") -> VT2-M3-INV-02 | G17: Building M3 Inverter No.2 | H17: 52.8 | I17: kWp | J17: ABB | K17: PVS-50-TL-SX2 | M17: 10.204.30.102 | N17: 1 | O17: 502
A18: Vistec2 | B18: VT2 | C18: M4 | D18: 1 | E18: Inverter | F18: =B18&"-"&IF(C18="","",C18&"-")&IF(E18="Inverter","INV",IF(E18="Pyranometer","PRY",IF(E18="Revenue Meter","REV",IF(E18="Grid Meter","GMT","recheck"))))&"-"&TEXT(D18,"00") -> VT2-M4-INV-01 | G18: Building M4 Inverter No.1 | H18: 98.12 | I18: kWp | J18: ABB | K18: PVS-100-TL-POWER | M18: 10.204.30.103 | N18: 1 | O18: 502
A19: Vistec2 | B19: VT2 | C19: M4 | D19: 2 | E19: Inverter | F19: =B19&"-"&IF(C19="","",C19&"-")&IF(E19="Inverter","INV",IF(E19="Pyranometer","PRY",IF(E19="Revenue Meter","REV",IF(E19="Grid Meter","GMT","recheck"))))&"-"&TEXT(D19,"00") -> VT2-M4-INV-02 | G19: Building M4 Inverter No.2 | H19: 100.76 | I19: kWp | J19: ABB | K19: PVS-100-TL-POWER | M19: 10.204.30.104 | N19: 1 | O19: 502
A20: Vistec2 | B20: VT2 | C20: N | D20: 1 | E20: Inverter | F20: =B20&"-"&IF(C20="","",C20&"-")&IF(E20="Inverter","INV",IF(E20="Pyranometer","PRY",IF(E20="Revenue Meter","REV",IF(E20="Grid Meter","GMT","recheck"))))&"-"&TEXT(D20,"00") -> VT2-N-INV-01 | G20: Building N(Phase2) Inverter | H20: 66 | I20: kWp | J20: ABB | K20: PVS-50-TL-SX2 | M20: 10.204.30.67 | N20: 1 | O20: 502
A21: Vistec2 | B21: VT2 | C21: U | D21: 1 | E21: Inverter | F21: =B21&"-"&IF(C21="","",C21&"-")&IF(E21="Inverter","INV",IF(E21="Pyranometer","PRY",IF(E21="Revenue Meter","REV",IF(E21="Grid Meter","GMT","recheck"))))&"-"&TEXT(D21,"00") -> VT2-U-INV-01 | G21: Building U(Phase2) Inverter | H21: 95.04 | I21: kWp | J21: ABB | K21: PVS-100-TL-POWER | M21: 10.204.30.68 | N21: 1 | O21: 502
A22: Vistec2 | B22: VT2 | C22: K | D22: 1 | E22: Inverter | F22: =B22&"-"&IF(C22="","",C22&"-")&IF(E22="Inverter","INV",IF(E22="Pyranometer","PRY",IF(E22="Revenue Meter","REV",IF(E22="Grid Meter","GMT","recheck"))))&"-"&TEXT(D22,"00") -> VT2-K-INV-01 | G22: Building K Inverter No.1 | H22: =174.24/2 -> 87.12 | I22: kWp | J22: ABB | K22: PVS-100-TL-POWER | M22: 10.204.30.105 | N22: 1 | O22: 502
A23: Vistec2 | B23: VT2 | C23: K | D23: 2 | E23: Inverter | F23: =B23&"-"&IF(C23="","",C23&"-")&IF(E23="Inverter","INV",IF(E23="Pyranometer","PRY",IF(E23="Revenue Meter","REV",IF(E23="Grid Meter","GMT","recheck"))))&"-"&TEXT(D23,"00") -> VT2-K-INV-02 | G23: Building K Inverter No.2 | H23: =174.24/2 -> 87.12 | I23: kWp | J23: ABB | K23: PVS-100-TL-POWER | M23: 10.204.30.106 | N23: 1 | O23: 502
A24: Vistec2 | B24: VT2 | C24: FT | D24: 1 | E24: Inverter | F24: =B24&"-"&IF(C24="","",C24&"-")&IF(E24="Inverter","INV",IF(E24="Pyranometer","PRY",IF(E24="Revenue Meter","REV",IF(E24="Grid Meter","GMT","recheck"))))&"-"&TEXT(D24,"00") -> VT2-FT-INV-01 | G24: Floating Inverter No.1 | H24: 102.4 | I24: kWp | J24: ABB | K24: PVS-100-TL-POWER | M24: 10.204.30.107 | N24: 1 | O24: 502
A25: Vistec2 | B25: VT2 | C25: CP-M3 | D25: 1 | E25: Inverter | F25: =B25&"-"&IF(C25="","",C25&"-")&IF(E25="Inverter","INV",IF(E25="Pyranometer","PRY",IF(E25="Revenue Meter","REV",IF(E25="Grid Meter","GMT","recheck"))))&"-"&TEXT(D25,"00") -> VT2-CP-M3-INV-01 | G25: Capark M3 Inverter | H25: 23.76 | I25: kWp | J25: ABB | K25: PVS-50-TL-SX2 | M25: 10.204.30.108 | N25: 1 | O25: 502
A26: Vistec2 | B26: VT2 | C26: CP-M3M4 | D26: 1 | E26: Inverter | F26: =B26&"-"&IF(C26="","",C26&"-")&IF(E26="Inverter","INV",IF(E26="Pyranometer","PRY",IF(E26="Revenue Meter","REV",IF(E26="Grid Meter","GMT","recheck"))))&"-"&TEXT(D26,"00") -> VT2-CP-M3M4-INV-01 | G26: Capark M3/M4 Inverter | H26: 60.72 | I26: kWp | J26: Huawei | K26: SUN2000-50KTL-M3 | M26: 10.204.30.110 | N26: 1 | O26: 502
A27: Vistec2 | B27: VT2 | C27: M4 | D27: 1 | E27: Pyranometer | F27: =B27&"-"&IF(C27="","",C27&"-")&IF(E27="Inverter","INV",IF(E27="Pyranometer","PRY",IF(E27="Revenue Meter","REV",IF(E27="Grid Meter","GMT","recheck"))))&"-"&TEXT(D27,"00") -> VT2-M4-PRY-01 | G27: Building M4 Pyranometer | M27: 10.204.30.110 | N27: 6 | O27: 502
A28: Vistec2 | B28: VT2 | C28: M4 | D28: 1 | E28: Revenue Meter | F28: =B28&"-"&IF(C28="","",C28&"-")&IF(E28="Inverter","INV",IF(E28="Pyranometer","PRY",IF(E28="Revenue Meter","REV",IF(E28="Grid Meter","GMT","recheck"))))&"-"&TEXT(D28,"00") -> VT2-M4-REV-01 | G28: Building M4 Revenue Meter | J28: EDMI | K28: MK6E | L28: 219014658 | M28: 10.204.30.59 | N28: 15 | O28: 502
A29: Vistec2 | B29: VT2 | C29: N | D29: 1 | E29: Revenue Meter | F29: =B29&"-"&IF(C29="","",C29&"-")&IF(E29="Inverter","INV",IF(E29="Pyranometer","PRY",IF(E29="Revenue Meter","REV",IF(E29="Grid Meter","GMT","recheck"))))&"-"&TEXT(D29,"00") -> VT2-N-REV-01 | G29: Buiding N(Phase2) Revenue Meter | J29: EDMI | K29: MK6E | L29: 219014662 | M29: 10.204.30.56 | N29: 14 | O29: 502
A30: Vistec2 | B30: VT2 | C30: U | D30: 1 | E30: Revenue Meter | F30: =B30&"-"&IF(C30="","",C30&"-")&IF(E30="Inverter","INV",IF(E30="Pyranometer","PRY",IF(E30="Revenue Meter","REV",IF(E30="Grid Meter","GMT","recheck"))))&"-"&TEXT(D30,"00") -> VT2-U-REV-01 | G30: Buiding U(Phase2) Revenue Meter | J30: EDMI | K30: MK6E | L30: 219014663 | M30: 10.204.30.58 | N30: 13 | O30: 502
A31: KVIS | B31: KVIS | C31: A | D31: 1 | E31: Inverter | F31: =B31&"-"&IF(C31="","",C31&"-")&IF(E31="Inverter","INV",IF(E31="Pyranometer","PRY",IF(E31="Revenue Meter","REV",IF(E31="Grid Meter","GMT","recheck"))))&"-"&TEXT(D31,"00") -> KVIS-A-INV-01 | G31: KVIS Inverter | H31: 105.6 | I31: kWp | J31: ABB | K31: PVS-100-TL-POWER | M31: 10.205.30.100 | N31: 1 | O31: 502
A32: KVIS | B32: KVIS | C32: A | D32: 1 | E32: Revenue Meter | F32: =B32&"-"&IF(C32="","",C32&"-")&IF(E32="Inverter","INV",IF(E32="Pyranometer","PRY",IF(E32="Revenue Meter","REV",IF(E32="Grid Meter","GMT","recheck"))))&"-"&TEXT(D32,"00") -> KVIS-A-REV-01 | G32: KVIS Revenue Meter | J32: EDMI | K32: MK6N | L32: 219014664 | M32: 10.205.30.90 | N32: 19 | O32: 502
A33: KVIS | B33: KVIS | C33: V4 | D33: 1 | E33: Grid Meter | F33: =B33&"-"&IF(C33="","",C33&"-")&IF(E33="Inverter","INV",IF(E33="Pyranometer","PRY",IF(E33="Revenue Meter","REV",IF(E33="Grid Meter","GMT","recheck"))))&"-"&TEXT(D33,"00") -> KVIS-V4-GMT-01 | G33: KVIS Grid Meter | M33: 10.205.30.50 | N33: 1 | O33: 502
A34: Thaioil1 | B34: TO1 | C34: EBC | D34: 1 | E34: Inverter | F34: =B34&"-"&IF(C34="","",C34&"-")&IF(E34="Inverter","INV",IF(E34="Pyranometer","PRY",IF(E34="Revenue Meter","REV",IF(E34="Grid Meter","GMT","recheck"))))&"-"&TEXT(D34,"00") -> TO1-EBC-INV-01 | G34: Inverter No.1 | I34: kWp | J34: Huawei | K34: SUN2000-60KTL-M0 | M34: 192.168.137.10 | N34: 7 | O34: 502
A35: Thaioil1 | B35: TO1 | C35: EBC | D35: 2 | E35: Inverter | F35: =B35&"-"&IF(C35="","",C35&"-")&IF(E35="Inverter","INV",IF(E35="Pyranometer","PRY",IF(E35="Revenue Meter","REV",IF(E35="Grid Meter","GMT","recheck"))))&"-"&TEXT(D35,"00") -> TO1-EBC-INV-02 | G35: Inverter No.2 | I35: kWp | J35: Huawei | K35: SUN2000-60KTL-M0 | M35: 192.168.137.10 | N35: 2 | O35: 502
A36: Thaioil1 | B36: TO1 | C36: EBC | D36: 3 | E36: Inverter | F36: =B36&"-"&IF(C36="","",C36&"-")&IF(E36="Inverter","INV",IF(E36="Pyranometer","PRY",IF(E36="Revenue Meter","REV",IF(E36="Grid Meter","GMT","recheck"))))&"-"&TEXT(D36,"00") -> TO1-EBC-INV-03 | G36: Inverter No.3 | I36: kWp | J36: Huawei | K36: SUN2000-60KTL-M0 | M36: 192.168.137.10 | N36: 4 | O36: 502
A37: Thaioil1 | B37: TO1 | C37: EBC | D37: 4 | E37: Inverter | F37: =B37&"-"&IF(C37="","",C37&"-")&IF(E37="Inverter","INV",IF(E37="Pyranometer","PRY",IF(E37="Revenue Meter","REV",IF(E37="Grid Meter","GMT","recheck"))))&"-"&TEXT(D37,"00") -> TO1-EBC-INV-04 | G37: Inverter No.4 | I37: kWp | J37: Huawei | K37: SUN2000-60KTL-M0 | M37: 192.168.137.10 | N37: 6 | O37: 502
A38: Thaioil1 | B38: TO1 | C38: EBC | D38: 5 | E38: Inverter | F38: =B38&"-"&IF(C38="","",C38&"-")&IF(E38="Inverter","INV",IF(E38="Pyranometer","PRY",IF(E38="Revenue Meter","REV",IF(E38="Grid Meter","GMT","recheck"))))&"-"&TEXT(D38,"00") -> TO1-EBC-INV-05 | G38: Inverter No.5 | I38: kWp | J38: Huawei | K38: SUN2000-60KTL-M0 | M38: 192.168.137.10 | N38: 5 | O38: 502
A39: Thaioil1 | B39: TO1 | C39: EBC | D39: 6 | E39: Inverter | F39: =B39&"-"&IF(C39="","",C39&"-")&IF(E39="Inverter","INV",IF(E39="Pyranometer","PRY",IF(E39="Revenue Meter","REV",IF(E39="Grid Meter","GMT","recheck"))))&"-"&TEXT(D39,"00") -> TO1-EBC-INV-06 | G39: Inverter No.6 | I39: kWp | J39: Huawei | K39: SUN2000-60KTL-M0 | M39: 192.168.137.10 | N39: 3 | O39: 502
A40: Thaioil1 | B40: TO1 | C40: EBC | D40: 7 | E40: Inverter | F40: =B40&"-"&IF(C40="","",C40&"-")&IF(E40="Inverter","INV",IF(E40="Pyranometer","PRY",IF(E40="Revenue Meter","REV",IF(E40="Grid Meter","GMT","recheck"))))&"-"&TEXT(D40,"00") -> TO1-EBC-INV-07 | G40: Inverter No.7 | I40: kWp | J40: Huawei | K40: SUN2000-60KTL-M0 | M40: 192.168.137.10 | N40: 1 | O40: 502
A41: Thaioil1 | B41: TO1 | C41: EBC | D41: 1 | E41: Pyranometer | F41: =B41&"-"&IF(C41="","",C41&"-")&IF(E41="Inverter","INV",IF(E41="Pyranometer","PRY",IF(E41="Revenue Meter","REV",IF(E41="Grid Meter","GMT","recheck"))))&"-"&TEXT(D41,"00") -> TO1-EBC-PRY-01 | G41: Pyranometer | M41: 192.168.137.10 | N41: 12 | O41: 502
A42: Thaioil2 | B42: TO1 | C42: EBC | D42: 1 | E42: Revenue Meter | F42: =B42&"-"&IF(C42="","",C42&"-")&IF(E42="Inverter","INV",IF(E42="Pyranometer","PRY",IF(E42="Revenue Meter","REV",IF(E42="Grid Meter","GMT","recheck"))))&"-"&TEXT(D42,"00") -> TO1-EBC-REV-01 | G42: Revenue Meter | J42: EDMI | K42: MK6E | L42: 212296512 | M42: 192.168.137.254 | N42: 1 | O42: 9000
A43: Thaioil2 | B43: TO1 | C43: EBC | D43: 1 | E43: Grid Meter | F43: =B43&"-"&IF(C43="","",C43&"-")&IF(E43="Inverter","INV",IF(E43="Pyranometer","PRY",IF(E43="Revenue Meter","REV",IF(E43="Grid Meter","GMT","recheck"))))&"-"&TEXT(D43,"00") -> TO1-EBC-GMT-01 | G43: Grid Meter | M43: 192.168.137.10 | N43: 8 | O43: 502
A44: Thaioil2 | B44: TO2 | D44: 1 | E44: Inverter | F44: =B44&"-"&IF(C44="","",C44&"-")&IF(E44="Inverter","INV",IF(E44="Pyranometer","PRY",IF(E44="Revenue Meter","REV",IF(E44="Grid Meter","GMT","recheck"))))&"-"&TEXT(D44,"00") -> TO2-INV-01 | G44: Carpark DB1 Inverter No.1 | H44: 107.46 | I44: kWp | J44: Huawei | K44: SUN2000-100KTL-M1 | M44: 192.168.127.10 | N44: 6 | O44: 502
A45: Thaioil2 | B45: TO2 | D45: 2 | E45: Inverter | F45: =B45&"-"&IF(C45="","",C45&"-")&IF(E45="Inverter","INV",IF(E45="Pyranometer","PRY",IF(E45="Revenue Meter","REV",IF(E45="Grid Meter","GMT","recheck"))))&"-"&TEXT(D45,"00") -> TO2-INV-02 | G45: Carpark DB4 Inverter No.2 | H45: 99.9 | I45: kWp | J45: Huawei | K45: SUN2000-100KTL-M1 | M45: 192.168.127.10 | N45: 5 | O45: 502
A46: Thaioil2 | B46: TO2 | D46: 3 | E46: Inverter | F46: =B46&"-"&IF(C46="","",C46&"-")&IF(E46="Inverter","INV",IF(E46="Pyranometer","PRY",IF(E46="Revenue Meter","REV",IF(E46="Grid Meter","GMT","recheck"))))&"-"&TEXT(D46,"00") -> TO2-INV-03 | G46: Office DB2Inverter No.3 | H46: 111.78 | I46: kWp | J46: Huawei | K46: SUN2000-100KTL-M1 | M46: 192.168.127.10 | N46: 7 | O46: 502
A47: Thaioil2 | B47: TO2 | D47: 4 | E47: Inverter | F47: =B47&"-"&IF(C47="","",C47&"-")&IF(E47="Inverter","INV",IF(E47="Pyranometer","PRY",IF(E47="Revenue Meter","REV",IF(E47="Grid Meter","GMT","recheck"))))&"-"&TEXT(D47,"00") -> TO2-INV-04 | G47: Office DB2 Inverter No.4 | H47: 112.86 | I47: kWp | J47: Huawei | K47: SUN2000-100KTL-M1 | M47: 192.168.127.10 | N47: 8 | O47: 502
A48: Thaioil2 | B48: TO2 | D48: 5 | E48: Inverter | F48: =B48&"-"&IF(C48="","",C48&"-")&IF(E48="Inverter","INV",IF(E48="Pyranometer","PRY",IF(E48="Revenue Meter","REV",IF(E48="Grid Meter","GMT","recheck"))))&"-"&TEXT(D48,"00") -> TO2-INV-05 | G48: Auditrorium DB3 Inverter No.5 | H48: 129.6 | I48: kWp | J48: Huawei | K48: SUN2000-100KTL-M1 | M48: 192.168.127.10 | N48: 4 | O48: 502
A49: Thaioil2 | B49: TO2 | D49: 1 | E49: Pyranometer | F49: =B49&"-"&IF(C49="","",C49&"-")&IF(E49="Inverter","INV",IF(E49="Pyranometer","PRY",IF(E49="Revenue Meter","REV",IF(E49="Grid Meter","GMT","recheck"))))&"-"&TEXT(D49,"00") -> TO2-PRY-01 | G49: Office Building Pyranometer | M49: 192.168.127.10 | N49: 12 | O49: 502
A50: Thaioil2 | B50: TO2 | C50: DB1 | D50: 1 | E50: Revenue Meter | F50: =B50&"-"&IF(C50="","",C50&"-")&IF(E50="Inverter","INV",IF(E50="Pyranometer","PRY",IF(E50="Revenue Meter","REV",IF(E50="Grid Meter","GMT","recheck"))))&"-"&TEXT(D50,"00") -> TO2-DB1-REV-01 | G50: Carpark DB1 Revenue Meter | J50: EDMI | K50: MK6E | L50: 251203492 | M50: 192.168.127.42 | N50: 1 | O50: 502
A51: Thaioil2 | B51: TO2 | C51: DB2 | D51: 1 | E51: Revenue Meter | F51: =B51&"-"&IF(C51="","",C51&"-")&IF(E51="Inverter","INV",IF(E51="Pyranometer","PRY",IF(E51="Revenue Meter","REV",IF(E51="Grid Meter","GMT","recheck"))))&"-"&TEXT(D51,"00") -> TO2-DB2-REV-01 | G51: Office DB2 Revenue Meter | J51: EDMI | K51: MK6E | L51: 251203493 | M51: 192.168.127.44 | N51: 1 | O51: 502
A52: Thaioil2 | B52: TO2 | C52: DB3 | D52: 1 | E52: Revenue Meter | F52: =B52&"-"&IF(C52="","",C52&"-")&IF(E52="Inverter","INV",IF(E52="Pyranometer","PRY",IF(E52="Revenue Meter","REV",IF(E52="Grid Meter","GMT","recheck"))))&"-"&TEXT(D52,"00") -> TO2-DB3-REV-01 | G52: Auditrorium DB3 Revenue Meter | J52: EDMI | K52: MK6E | L52: 251203494 | M52: 192.168.127.46 | N52: 1 | O52: 502
A53: Thaioil2 | B53: TO2 | C53: DB4 | D53: 1 | E53: Revenue Meter | F53: =B53&"-"&IF(C53="","",C53&"-")&IF(E53="Inverter","INV",IF(E53="Pyranometer","PRY",IF(E53="Revenue Meter","REV",IF(E53="Grid Meter","GMT","recheck"))))&"-"&TEXT(D53,"00") -> TO2-DB4-REV-01 | G53: Carpark DB4 Revenue Meter | J53: EDMI | K53: MK6E | L53: 219150562 | M53: 192.168.127.40 | N53: 1 | O53: 502
A54: Thaioil2 | B54: TO2 | D54: 1 | E54: Grid Meter | F54: =B54&"-"&IF(C54="","",C54&"-")&IF(E54="Inverter","INV",IF(E54="Pyranometer","PRY",IF(E54="Revenue Meter","REV",IF(E54="Grid Meter","GMT","recheck"))))&"-"&TEXT(D54,"00") -> TO2-GMT-01 | G54: Grid Meter Bus1 | M54: 192.168.127.10 | N54: 3 | O54: 502
A55: Thaioil2 | B55: TO2 | D55: 2 | E55: Grid Meter | F55: =B55&"-"&IF(C55="","",C55&"-")&IF(E55="Inverter","INV",IF(E55="Pyranometer","PRY",IF(E55="Revenue Meter","REV",IF(E55="Grid Meter","GMT","recheck"))))&"-"&TEXT(D55,"00") -> TO2-GMT-02 | G55: Grid Meter Bus2 | M55: 192.168.127.10 | N55: 10 | O55: 502
A56: PTTOR MRB | B56: PTTMB | D56: 1 | E56: Inverter | F56: =B56&"-"&IF(C56="","",C56&"-")&IF(E56="Inverter","INV",IF(E56="Pyranometer","PRY",IF(E56="Revenue Meter","REV",IF(E56="Grid Meter","GMT","recheck"))))&"-"&TEXT(D56,"00") -> PTTMB-INV-01 | G56: Fuel Station Inverter No.1 | H56: 56 | I56: kWp | J56: Huawei | K56: SUN2000-60KTL-M | M56: 192.168.0.10 | N56: 1 | O56: 502
A57: PTTOR MRB | B57: PTTMB | D57: 2 | E57: Inverter | F57: =B57&"-"&IF(C57="","",C57&"-")&IF(E57="Inverter","INV",IF(E57="Pyranometer","PRY",IF(E57="Revenue Meter","REV",IF(E57="Grid Meter","GMT","recheck"))))&"-"&TEXT(D57,"00") -> PTTMB-INV-02 | G57: Market Zone Inverter No.2 | H57: 72 | I57: kWp | J57: Huawei | K57: SUN2000-60KTL-M | M57: 192.168.0.10 | N57: 5 | O57: 502
A58: PTTOR MRB | B58: PTTMB | D58: 1 | E58: Revenue Meter | F58: =B58&"-"&IF(C58="","",C58&"-")&IF(E58="Inverter","INV",IF(E58="Pyranometer","PRY",IF(E58="Revenue Meter","REV",IF(E58="Grid Meter","GMT","recheck"))))&"-"&TEXT(D58,"00") -> PTTMB-REV-01 | G58: Fuel Station Revenue Meter No.1 | J58: EDMI | K58: MK6E | L58: 251341652 | M58: 192.168.0.4 | N58: 1 | O58: 9000
A59: PTTOR MRB | B59: PTTMB | D59: 2 | E59: Revenue Meter | F59: =B59&"-"&IF(C59="","",C59&"-")&IF(E59="Inverter","INV",IF(E59="Pyranometer","PRY",IF(E59="Revenue Meter","REV",IF(E59="Grid Meter","GMT","recheck"))))&"-"&TEXT(D59,"00") -> PTTMB-REV-02 | G59: Market Zone Revenue Meter No.2 | J59: EDMI | K59: MK6E | L59: 251341653 | M59: 192.168.0.4 | N59: 2 | O59: 502
A60: PTTOR MRB | B60: PTTMB | D60: 1 | E60: Grid Meter | F60: =B60&"-"&IF(C60="","",C60&"-")&IF(E60="Inverter","INV",IF(E60="Pyranometer","PRY",IF(E60="Revenue Meter","REV",IF(E60="Grid Meter","GMT","recheck"))))&"-"&TEXT(D60,"00") -> PTTMB-GMT-01 | G60: Grid Meter | M60: 192.168.0.10 | N60: 4 | O60: 502
A61: PTTOR TLC | B61: PTTTL | D61: 1 | E61: Inverter | F61: =B61&"-"&IF(C61="","",C61&"-")&IF(E61="Inverter","INV",IF(E61="Pyranometer","PRY",IF(E61="Revenue Meter","REV",IF(E61="Grid Meter","GMT","recheck"))))&"-"&TEXT(D61,"00") -> PTTTL-INV-01 | G61: Fuel Station Inverter No.1 | H61: 48 | I61: kWp | J61: Huawei | K61: SUN2000-60KTL-M | M61: 192.168.0.10 | N61: 1 | O61: 502
A62: PTTOR TLC | B62: PTTTL | D62: 1 | E62: Revenue Meter | F62: =B62&"-"&IF(C62="","",C62&"-")&IF(E62="Inverter","INV",IF(E62="Pyranometer","PRY",IF(E62="Revenue Meter","REV",IF(E62="Grid Meter","GMT","recheck"))))&"-"&TEXT(D62,"00") -> PTTTL-REV-01 | G62: Fuel Station Revenue Meter No.1 | J62: Mitsubishi | K62: MX2-C41E | L62: 9010563 | M62: 192.168.0.20 | N62: 163 | O62: 502
A63: PTTOR TLC | B63: PTTTL | D63: 1 | E63: Grid Meter | F63: =B63&"-"&IF(C63="","",C63&"-")&IF(E63="Inverter","INV",IF(E63="Pyranometer","PRY",IF(E63="Revenue Meter","REV",IF(E63="Grid Meter","GMT","recheck"))))&"-"&TEXT(D63,"00") -> PTTTL-GMT-01 | G63: Grid Meter | M63: 192.168.0.10 | N63: 2 | O63: 502
A64: AICA | B64: AICA | C64: DC | D64: 1 | E64: Inverter | F64: =B64&"-"&IF(C64="","",C64&"-")&IF(E64="Inverter","INV",IF(E64="Pyranometer","PRY",IF(E64="Revenue Meter","REV",IF(E64="Grid Meter","GMT","recheck"))))&"-"&TEXT(D64,"00") -> AICA-DC-INV-01 | G64: DC warehouse Inverter No.1 | H64: 127.53 | I64: kWp | J64: Huawei | K64: SUN2000-100KTL-M1 | M64: 192.168.1.10 | N64: 28 | O64: 502
A65: AICA | B65: AICA | C65: DC | D65: 2 | E65: Inverter | F65: =B65&"-"&IF(C65="","",C65&"-")&IF(E65="Inverter","INV",IF(E65="Pyranometer","PRY",IF(E65="Revenue Meter","REV",IF(E65="Grid Meter","GMT","recheck"))))&"-"&TEXT(D65,"00") -> AICA-DC-INV-02 | G65: DC warehouse Inverter No.2 | H65: 127.53 | I65: kWp | J65: Huawei | K65: SUN2000-100KTL-M1 | M65: 192.168.1.10 | N65: 27 | O65: 502
A66: AICA | B66: AICA | C66: DC | D66: 3 | E66: Inverter | F66: =B66&"-"&IF(C66="","",C66&"-")&IF(E66="Inverter","INV",IF(E66="Pyranometer","PRY",IF(E66="Revenue Meter","REV",IF(E66="Grid Meter","GMT","recheck"))))&"-"&TEXT(D66,"00") -> AICA-DC-INV-03 | G66: DC warehouse Inverter No.3 | H66: 123.17 | I66: kWp | J66: Huawei | K66: SUN2000-100KTL-M1 | M66: 192.168.1.10 | N66: 26 | O66: 502
A67: AICA | B67: AICA | C67: DC | D67: 4 | E67: Inverter | F67: =B67&"-"&IF(C67="","",C67&"-")&IF(E67="Inverter","INV",IF(E67="Pyranometer","PRY",IF(E67="Revenue Meter","REV",IF(E67="Grid Meter","GMT","recheck"))))&"-"&TEXT(D67,"00") -> AICA-DC-INV-04 | G67: DC warehouse Inverter No.4 | H67: 127.53 | I67: kWp | J67: Huawei | K67: SUN2000-100KTL-M1 | M67: 192.168.1.10 | N67: 25 | O67: 502
A68: AICA | B68: AICA | C68: DC | D68: 5 | E68: Inverter | F68: =B68&"-"&IF(C68="","",C68&"-")&IF(E68="Inverter","INV",IF(E68="Pyranometer","PRY",IF(E68="Revenue Meter","REV",IF(E68="Grid Meter","GMT","recheck"))))&"-"&TEXT(D68,"00") -> AICA-DC-INV-05 | G68: DC warehouse Inverter No.5 | H68: 125.35 | I68: kWp | J68: Huawei | K68: SUN2000-100KTL-M1 | M68: 192.168.1.10 | N68: 24 | O68: 502
A69: AICA | B69: AICA | C69: DC | D69: 6 | E69: Inverter | F69: =B69&"-"&IF(C69="","",C69&"-")&IF(E69="Inverter","INV",IF(E69="Pyranometer","PRY",IF(E69="Revenue Meter","REV",IF(E69="Grid Meter","GMT","recheck"))))&"-"&TEXT(D69,"00") -> AICA-DC-INV-06 | G69: DC warehouse Inverter No.6 | H69: 120.99 | I69: kWp | J69: Huawei | K69: SUN2000-100KTL-M1 | M69: 192.168.1.10 | N69: 23 | O69: 502
A70: AICA | B70: AICA | C70: DC | D70: 7 | E70: Inverter | F70: =B70&"-"&IF(C70="","",C70&"-")&IF(E70="Inverter","INV",IF(E70="Pyranometer","PRY",IF(E70="Revenue Meter","REV",IF(E70="Grid Meter","GMT","recheck"))))&"-"&TEXT(D70,"00") -> AICA-DC-INV-07 | G70: DC warehouse Inverter No.7 | H70: 127.53 | I70: kWp | J70: Huawei | K70: SUN2000-100KTL-M1 | M70: 192.168.1.10 | N70: 22 | O70: 502
A71: AICA | B71: AICA | C71: DC | D71: 8 | E71: Inverter | F71: =B71&"-"&IF(C71="","",C71&"-")&IF(E71="Inverter","INV",IF(E71="Pyranometer","PRY",IF(E71="Revenue Meter","REV",IF(E71="Grid Meter","GMT","recheck"))))&"-"&TEXT(D71,"00") -> AICA-DC-INV-08 | G71: DC warehouse Inverter No.8 | H71: 123.17 | I71: kWp | J71: Huawei | K71: SUN2000-100KTL-M1 | M71: 192.168.1.10 | N71: 21 | O71: 502
A72: AICA | B72: AICA | C72: DC | D72: 9 | E72: Inverter | F72: =B72&"-"&IF(C72="","",C72&"-")&IF(E72="Inverter","INV",IF(E72="Pyranometer","PRY",IF(E72="Revenue Meter","REV",IF(E72="Grid Meter","GMT","recheck"))))&"-"&TEXT(D72,"00") -> AICA-DC-INV-09 | G72: DC warehouse Inverter No.9 | H72: 127.53 | I72: kWp | J72: Huawei | K72: SUN2000-100KTL-M1 | M72: 192.168.1.20 | N72: 14 | O72: 502
A73: AICA | B73: AICA | C73: DC | D73: 10 | E73: Inverter | F73: =B73&"-"&IF(C73="","",C73&"-")&IF(E73="Inverter","INV",IF(E73="Pyranometer","PRY",IF(E73="Revenue Meter","REV",IF(E73="Grid Meter","GMT","recheck"))))&"-"&TEXT(D73,"00") -> AICA-DC-INV-10 | G73: DC warehouse Inverter No.10 | H73: 132.98 | I73: kWp | J73: Huawei | K73: SUN2000-100KTL-M1 | M73: 192.168.1.10 | N73: 19 | O73: 502
A74: AICA | B74: AICA | C74: DC | D74: 11 | E74: Inverter | F74: =B74&"-"&IF(C74="","",C74&"-")&IF(E74="Inverter","INV",IF(E74="Pyranometer","PRY",IF(E74="Revenue Meter","REV",IF(E74="Grid Meter","GMT","recheck"))))&"-"&TEXT(D74,"00") -> AICA-DC-INV-11 | G74: DC warehouse Inverter No.11 | H74: 127.53 | I74: kWp | J74: Huawei | K74: SUN2000-100KTL-M1 | M74: 192.168.1.20 | N74: 8 | O74: 502
A75: AICA | B75: AICA | C75: DC | D75: 12 | E75: Inverter | F75: =B75&"-"&IF(C75="","",C75&"-")&IF(E75="Inverter","INV",IF(E75="Pyranometer","PRY",IF(E75="Revenue Meter","REV",IF(E75="Grid Meter","GMT","recheck"))))&"-"&TEXT(D75,"00") -> AICA-DC-INV-12 | G75: DC warehouse Inverter No.12 | H75: 125.35 | I75: kWp | J75: Huawei | K75: SUN2000-100KTL-M1 | M75: 192.168.1.10 | N75: 17 | O75: 502
... A93: AICA | B93: AICA | C93: DRY | D93: 2 | E93: Inverter | F93: =B93&"-"&IF(C93="","",C93&"-")&IF(E93="Inverter","INV",IF(E93="Pyranometer","PRY",IF(E93="Revenue Meter","REV",IF(E93="Grid Meter","GMT","recheck"))))&"-"&TEXT(D93,"00") -> AICA-DRY-INV-02 | G93: DRYMIX Inverter No.2 | H93: 120.45 | I93: kWp | J93: Huawei | K93: SUN2000-100KTL-M1 | M93: 192.168.1.20 | N93: 16 | O93: 502
A94: AICA | B94: AICA | C94: DC | D94: 1 | E94: Revenue Meter | F94: =B94&"-"&IF(C94="","",C94&"-")&IF(E94="Inverter","INV",IF(E94="Pyranometer","PRY",IF(E94="Revenue Meter","REV",IF(E94="Grid Meter","GMT","recheck"))))&"-"&TEXT(D94,"00") -> AICA-DC-REV-01 | G94: DC warehouse Revenue Meter | J94: EDMI | K94: MK6E | L94: 250710616 | M94: 192.168.186 | N94: 1 | O94: 502
A95: AICA | B95: AICA | C95: DRY | D95: 2 | E95: Revenue Meter | F95: =B95&"-"&IF(C95="","",C95&"-")&IF(E95="Inverter","INV",IF(E95="Pyranometer","PRY",IF(E95="Revenue Meter","REV",IF(E95="Grid Meter","GMT","recheck"))))&"-"&TEXT(D95,"00") -> AICA-DRY-REV-02 | G95: DRYMIX Revenue Meter | J95: EDMI | K95: MK6E | L95: 920809102 | M95: 192.168.1.85 | N95: 1 | O95: 502
A96: AICA | B96: AICA | C96: DC | D96: 1 | E96: Pyranometer | F96: =B96&"-"&IF(C96="","",C96&"-")&IF(E96="Inverter","INV",IF(E96="Pyranometer","PRY",IF(E96="Revenue Meter","REV",IF(E96="Grid Meter","GMT","recheck"))))&"-"&TEXT(D96,"00") -> AICA-DC-PRY-01 | G96: DRYMIX Pyranometer | M96: 192.168.1.10 | N96: 42 | O96: 502
A97: AICA | B97: AICA | D97: 1 | E97: Grid Meter | F97: =B97&"-"&IF(C97="","",C97&"-")&IF(E97="Inverter","INV",IF(E97="Pyranometer","PRY",IF(E97="Revenue Meter","REV",IF(E97="Grid Meter","GMT","recheck"))))&"-"&TEXT(D97,"00") -> AICA-GMT-01 | G97: Sub115 Grid Meter | M97: 192.168.1.10 | N97: 41 | O97: 502
A98: SURETEX | B98: SRT | C98: S1 | D98: 1 | E98: Inverter | F98: =B98&"-"&IF(C98="","",C98&"-")&IF(E98="Inverter","INV",IF(E98="Pyranometer","PRY",IF(E98="Revenue Meter","REV",IF(E98="Grid Meter","GMT","recheck"))))&"-"&TEXT(D98,"00") -> SRT-S1-INV-01 | G98: Inverter Station Inverter No.1 | H98: 192.8 | I98: kWp | J98: Huawei | K98: SUN2000-185KTL-H1 | M98: 192.168.1.3 | N98: 46 | O98: 502
A99: SURETEX | B99: SRT | C99: S1 | D99: 2 | E99: Inverter | F99: =B99&"-"&IF(C99="","",C99&"-")&IF(E99="Inverter","INV",IF(E99="Pyranometer","PRY",IF(E99="Revenue Meter","REV",IF(E99="Grid Meter","GMT","recheck"))))&"-"&TEXT(D99,"00") -> SRT-S1-INV-02 | G99: Inverter Station Inverter No.2 | H99: 186.8 | I99: kWp | J99: Huawei | K99: SUN2000-185KTL-H1 | M99: 192.168.1.3 | N99: 12 | O99: 502
A100: SURETEX | B100: SRT | C100: S1 | D100: 3 | E100: Inverter | F100: =B100&"-"&IF(C100="","",C100&"-")&IF(E100="Inverter","INV",IF(E100="Pyranometer","PRY",IF(E100="Revenue Meter","REV",IF(E100="Grid Meter","GMT","recheck"))))&"-"&TEXT(D100,"00") -> SRT-S1-INV-03 | G100: Inverter Station Inverter No.3 | H100: 190.6 | I100: kWp | J100: Huawei | K100: SUN2000-185KTL-H1 | M100: 192.168.1.3 | N100: 7 | O100: 502
A101: SURETEX | B101: SRT | C101: S1 | D101: 4 | E101: Inverter | F101: =B101&"-"&IF(C101="","",C101&"-")&IF(E101="Inverter","INV",IF(E101="Pyranometer","PRY",IF(E101="Revenue Meter","REV",IF(E101="Grid Meter","GMT","recheck"))))&"-"&TEXT(D101,"00") -> SRT-S1-INV-04 | G101: Inverter Station Inverter No.4 | H101: 194.4 | I101: kWp | J101: Huawei | K101: SUN2000-185KTL-H1 | M101: 192.168.1.3 | N101: 11 | O101: 502
A102: SURETEX | B102: SRT | C102: S1 | D102: 5 | E102: Inverter | F102: =B102&"-"&IF(C102="","",C102&"-")&IF(E102="Inverter","INV",IF(E102="Pyranometer","PRY",IF(E102="Revenue Meter","REV",IF(E102="Grid Meter","GMT","recheck"))))&"-"&TEXT(D102,"00") -> SRT-S1-INV-05 | G102: Inverter Station Inverter No.5 | H102: 189.5 | I102: kWp | J102: Huawei | K102: SUN2000-185KTL-H1 | M102: 192.168.1.3 | N102: 10 | O102: 502
A103: SURETEX | B103: SRT | C103: S1 | D103: 6 | E103: Inverter | F103: =B103&"-"&IF(C103="","",C103&"-")&IF(E103="Inverter","INV",IF(E103="Pyranometer","PRY",IF(E103="Revenue Meter","REV",IF(E103="Grid Meter","GMT","recheck"))))&"-"&TEXT(D103,"00") -> SRT-S1-INV-06 | G103: Inverter Station Inverter No.6 | H103: 194.4 | I103: kWp | J103: Huawei | K103: SUN2000-185KTL-H1 | M103: 192.168.1.3 | N103: 8 | O103: 502
A104: SURETEX | B104: SRT | C104: S1 | D104: 7 | E104: Inverter | F104: =B104&"-"&IF(C104="","",C104&"-")&IF(E104="Inverter","INV",IF(E104="Pyranometer","PRY",IF(E104="Revenue Meter","REV",IF(E104="Grid Meter","GMT","recheck"))))&"-"&TEXT(D104,"00") -> SRT-S1-INV-07 | G104: Inverter Station Inverter No.7 | H104: 179.3 | I104: kWp | J104: Huawei | K104: SUN2000-185KTL-H1 | M104: 192.168.1.3 | N104: 5 | O104: 502
A105: SURETEX | B105: SRT | C105: S1 | D105: 8 | E105: Inverter | F105: =B105&"-"&IF(C105="","",C105&"-")&IF(E105="Inverter","INV",IF(E105="Pyranometer","PRY",IF(E105="Revenue Meter","REV",IF(E105="Grid Meter","GMT","recheck"))))&"-"&TEXT(D105,"00") -> SRT-S1-INV-08 | G105: Inverter Station Inverter No.8 | H105: 191.2 | I105: kWp | J105: Huawei | K105: SUN2000-185KTL-H1 | M105: 192.168.1.3 | N105: 14 | O105: 502
A106: SURETEX | B106: SRT | C106: S1 | D106: 9 | E106: Inverter | F106: =B106&"-"&IF(C106="","",C106&"-")&IF(E106="Inverter","INV",IF(E106="Pyranometer","PRY",IF(E106="Revenue Meter","REV",IF(E106="Grid Meter","GMT","recheck"))))&"-"&TEXT(D106,"00") -> SRT-S1-INV-09 | G106: Inverter Station Inverter No.9 | H106: 191.2 | I106: kWp | J106: Huawei | K106: SUN2000-185KTL-H1 | M106: 192.168.1.3 | N106: 13 | O106: 502
A107: SURETEX | B107: SRT | C107: S1 | D107: 10 | E107: Inverter | F107: =B107&"-"&IF(C107="","",C107&"-")&IF(E107="Inverter","INV",IF(E107="Pyranometer","PRY",IF(E107="Revenue Meter","REV",IF(E107="Grid Meter","GMT","recheck"))))&"-"&TEXT(D107,"00") -> SRT-S1-INV-10 | G107: Inverter Station Inverter No.10 | H107: 194.4 | I107: kWp | J107: Huawei | K107: SUN2000-185KTL-H1 | M107: 192.168.1.3 | N107: 4 | O107: 502
A108: SURETEX | B108: SRT | C108: S1 | D108: 11 | E108: Inverter | F108: =B108&"-"&IF(C108="","",C108&"-")&IF(E108="Inverter","INV",IF(E108="Pyranometer","PRY",IF(E108="Revenue Meter","REV",IF(E108="Grid Meter","GMT","recheck"))))&"-"&TEXT(D108,"00") -> SRT-S1-INV-11 | G108: Inverter Station Inverter No.11 | H108: 194.4 | I108: kWp | J108: Huawei | K108: SUN2000-185KTL-H1 | M108: 192.168.1.3 | N108: 9 | O108: 502
A109: SURETEX | B109: SRT | C109: S1 | D109: 12 | E109: Inverter | F109: =B109&"-"&IF(C109="","",C109&"-")&IF(E109="Inverter","INV",IF(E109="Pyranometer","PRY",IF(E109="Revenue Meter","REV",IF(E109="Grid Meter","GMT","recheck"))))&"-"&TEXT(D109,"00") -> SRT-S1-INV-12 | G109: Inverter Station Inverter No.12 | H109: 191.2 | I109: kWp | J109: Huawei | K109: SUN2000-185KTL-H1 | M109: 192.168.1.3 | N109: 6 | O109: 502
... A114: SURETEX | B114: SRT | C114: S2 | D114: 17 | E114: Inverter | F114: =B114&"-"&IF(C114="","",C114&"-")&IF(E114="Inverter","INV",IF(E114="Pyranometer","PRY",IF(E114="Revenue Meter","REV",IF(E114="Grid Meter","GMT","recheck"))))&"-"&TEXT(D114,"00") -> SRT-S2-INV-17 | G114: Substation4 Inverter No.17 | H114: 72.9 | I114: kWp | J114: Huawei | K114: SUN2000-60KTL-M0 | M114: 192.168.1.3 | N114: 32 | O114: 502
A115: SURETEX | B115: SRT | C115: S1 | D115: 1 | E115: Revenue Meter | F115: =B115&"-"&IF(C115="","",C115&"-")&IF(E115="Inverter","INV",IF(E115="Pyranometer","PRY",IF(E115="Revenue Meter","REV",IF(E115="Grid Meter","GMT","recheck"))))&"-"&TEXT(D115,"00") -> SRT-S1-REV-01 | G115: Inverter Station Revenue Meter | J115: EDMI | K115: MK6E | L115: 251203497 | M115: 192.168.1.51 | N115: 1 | O115: 502
A116: SURETEX | B116: SRT | C116: S2 | D116: 1 | E116: Revenue Meter | F116: =B116&"-"&IF(C116="","",C116&"-")&IF(E116="Inverter","INV",IF(E116="Pyranometer","PRY",IF(E116="Revenue Meter","REV",IF(E116="Grid Meter","GMT","recheck"))))&"-"&TEXT(D116,"00") -> SRT-S2-REV-01 | G116: Substation4 Revenue Meter | J116: EDMI | K116: MK6E | L116: 251203585 | M116: 192.168.1.52 | N116: 1 | O116: 502
A117: SURETEX | B117: SRT | D117: 1 | E117: Pyranometer | F117: =B117&"-"&IF(C117="","",C117&"-")&IF(E117="Inverter","INV",IF(E117="Pyranometer","PRY",IF(E117="Revenue Meter","REV",IF(E117="Grid Meter","GMT","recheck"))))&"-"&TEXT(D117,"00") -> SRT-PRY-01 | G117: Suretex Pyranometer | M117: 192.168.1.3 | N117: 45 | O117: 502
A118: SURETEX | B118: SRT | D118: 1 | E118: Grid Meter | F118: =B118&"-"&IF(C118="","",C118&"-")&IF(E118="Inverter","INV",IF(E118="Pyranometer","PRY",IF(E118="Revenue Meter","REV",IF(E118="Grid Meter","GMT","recheck"))))&"-"&TEXT(D118,"00") -> SRT-GMT-01 | G118: 33kV Grid Meter | M118: 192.168.1.3 | N118: 35 | O118: 502
A119: Suranaree | B119: SUT | C119: CL1 | D119: 1 | E119: Revenue Meter | F119: =B119&"-"&IF(C119="","",C119&"-")&IF(E119="Inverter","INV",IF(E119="Pyranometer","PRY",IF(E119="Revenue Meter","REV",IF(E119="Grid Meter","GMT","recheck"))))&"-"&TEXT(D119,"00") -> SUT-CL1-REV-01 | G119: Class Room1 Revenue Meter | J119: EDMI | K119: MK6E | L119: 251203642 | M119: 10.12.7.174 | N119: 1 | O119: 502
A120: Suranaree | B120: SUT | C120: SV | D120: 1 | E120: Revenue Meter | F120: =B120&"-"&IF(C120="","",C120&"-")&IF(E120="Inverter","INV",IF(E120="Pyranometer","PRY",IF(E120="Revenue Meter","REV",IF(E120="Grid Meter","GMT","recheck"))))&"-"&TEXT(D120,"00") -> SUT-SV-REV-01 | G120: Suranivet5 Revenue Meter | J120: EDMI | K120: MK6E | L120: 251203644 | M120: 10.12.7.176 | N120: 1 | O120: 502
A121: Suranaree | B121: SUT | C121: SC | D121: 1 | E121: Revenue Meter | F121: =B121&"-"&IF(C121="","",C121&"-")&IF(E121="Inverter","INV",IF(E121="Pyranometer","PRY",IF(E121="Revenue Meter","REV",IF(E121="Grid Meter","GMT","recheck"))))&"-"&TEXT(D121,"00") -> SUT-SC-REV-01 | G121: Suraueng Chai Revenue Meter | J121: EDMI | K121: MK6E | L121: 251203641 | M121: 10.12.7.175 | N121: 1 | O121: 502
A122: Suranaree | B122: SUT | C122: FT | D122: 1 | E122: Revenue Meter | F122: =B122&"-"&IF(C122="","",C122&"-")&IF(E122="Inverter","INV",IF(E122="Pyranometer","PRY",IF(E122="Revenue Meter","REV",IF(E122="Grid Meter","GMT","recheck"))))&"-"&TEXT(D122,"00") -> SUT-FT-REV-01 | G122: Floating Revenue Meter | J122: EDMI | K122: MK6E | L122: 251203501 | M122: 10.12.7.171 | N122: 1 | O122: 502
...

Sheet PVS100
A1: State | B1: Description | C1: Factor | D1: Register | E1: Data Type | F1: Remark
A2: "not use" | B2: Amps | C2: 1 | D2: 40072 | E2: USHORT
A3: "not use" | B3: Amps PhaseA | C3: 0.1 | D3: 40073 | E3: USHORT
A4: "not use" | B4: Amps PhaseB | C4: 0.1 | D4: 40074 | E4: USHORT
A5: "not use" | B5: Amps PhaseC | C5: 0.1 | D5: 40075 | E5: USHORT
A6: "not use" | B6: A_SF | C6: 1 | D6: 40076 | E6: USHORT
A7: "not use" | B7: Phase Voltage AB | C7: 0.1 | D7: 40077 | E7: USHORT
A8: "not use" | B8: Phase Voltage BC | C8: 0.1 | D8: 40078 | E8: USHORT
A9: "not use" | B9: Phase Voltage CA | C9: 0.1 | D9: 40079 | E9: USHORT
A10: "not use" | B10: Phase Voltage AN | C10: 0.1 | D10: 40080 | E10: USHORT
A11: "not use" | B11: Phase Voltage BN | C11: 0.1 | D11: 40081 | E11: USHORT
A12: "not use" | B12: Phase Voltage CN | C12: 0.1 | D12: 40082 | E12: USHORT
A13: "not use" | B13: V_SF | C13: 1 | D13: 40083 | E13: USHORT
... A36: "not use" | B36: Tmp_SF | C36: 1 | D36: 40107 | E36: SHORT
A37: "use" | B37: Operating State | C37: 1 | D37: 40108 | E37: USHORT | F37: 1: Off 2: Sleeping 3: Starting 4: Normal 5: Throttled(Derating) 6: Shutdown 7: Fault 8: Standby
A38: "not use" | B38: ActWh | C38: 1 | D38: 40187 | E38: FLOAT
A39: "not use" | B39: DC Current_1 | C39: 0.1 | D39: 41123 | E39: USHORT
A40: "not use" | B40: DC Voltage_1 | C40: 0.1 | D40: 41124 | E40: USHORT
A41: "not use" | B41: DC Power_1 | C41: 0.01 | D41: 41125 | E41: USHORT
A42: "not use" | B42: DC Current_2 | C42: 0.1 | D42: 41143 | E42: USHORT
A43: "not use" | B43: DC Voltage_2 | C43: 0.1 | D43: 41144 | E43: USHORT
A44: "not use" | B44: DC Power_2 | C44: 0.01 | D44: 41145 | E44: USHORT
A45: "not use" | B45: DC Current_3 | C45: 0.1 | D45: 41163 | E45: USHORT
A46: "not use" | B46: DC Voltage_3 | C46: 0.1 | D46: 41164 | E46: USHORT
A47: "not use" | B47: DC Power_3 | C47: 0.01 | D47: 41165 | E47: USHORT
A48: "not use" | B48: DC Current_4 | C48: 0.1 | D48: 41183 | E48: USHORT
A49: "not use" | B49: DC Voltage_4 | C49: 0.1 | D49: 41184 | E49: USHORT
... A82: "use" | B82: %Command Watt Limit | C82: 0.1 | D82: 40233 | E82: USHORT

Sheet PVS50
A1: State | B1: Description | C1: Factor | D1: Register | E1: Data Type | F1: Remark
A2: "not use" | B2: Amps | C2: 1 | D2: 40072 | E2: USHORT
A3: "not use" | B3: Amps PhaseA | C3: 0.1 | D3: 40073 | E3: USHORT
A4: "not use" | B4: Amps PhaseB | C4: 0.1 | D4: 40074 | E4: USHORT
A5: "not use" | B5: Amps PhaseC | C5: 0.1 | D5: 40075 | E5: USHORT
A6: "not use" | B6: A_SF | C6: 1 | D6: 40076 | E6: USHORT
A7: "not use" | B7: Phase Voltage AB | C7: 0.1 | D7: 40077 | E7: USHORT
A8: "not use" | B8: Phase Voltage BC | C8: 0.1 | D8: 40078 | E8: USHORT
A9: "not use" | B9: Phase Voltage CA | C9: 0.1 | D9: 40079 | E9: USHORT
A10: "not use" | B10: Phase Voltage AN | C10: 0.1 | D10: 40080 | E10: USHORT
A11: "not use" | B11: Phase Voltage BN | C11: 0.1 | D11: 40081 | E11: USHORT
A12: "not use" | B12: Phase Voltage CN | C12: 0.1 | D12: 40082 | E12: USHORT
A13: "not use" | B13: V_SF | C13: 1 | D13: 40083 | E13: USHORT
... A36: "not use" | B36: Tmp_SF | C36: 1 | D36: 40107 | E36: SHORT
A37: "use" | B37: Operating State | C37: 1 | D37: 40108 | E37: USHORT | F37: 1: Off 2: Sleeping 3: Starting 4: Normal 5: Throttled(Derating) 6: Shutdown 7: Fault 8: Standby
A38: "not use" | B38: ActWh | C38: 1 | D38: 40187 | E38: FLOAT
A39: "not use" | B39: DC Current_1 | C39: 0.1 | D39: 41123 | E39: USHORT
A40: "not use" | B40: DC Voltage_1 | C40: 0.1 | D40: 41124 | E40: USHORT
A41: "not use" | B41: DC Power_1 | C41: 0.01 | D41: 41125 | E41: USHORT
A42: "not use" | B42: DC Current_2 | C42: 0.1 | D42: 41143 | E42: USHORT
A43: "not use" | B43: DC Voltage_2 | C43: 0.1 | D43: 41144 | E43: USHORT
A44: "not use" | B44: DC Power_2 | C44: 0.01 | D44: 41145 | E44: USHORT
A45: "not use" | B45: DC Current_3 | C45: 0.1 | D45: 41163 | E45: USHORT
A46: "not use" | B46: DC Voltage_3 | C46: 0.1 | D46: 41164 | E46: USHORT
A47: "not use" | B47: DC Power_3 | C47: 0.01 | D47: 41165 | E47: USHORT
A48: "not use" | B48: EVENT_1 | C48: 1 | D48: 40110 | E48: LONG
A49: "use" | B49: %Command Watt Limit | C49: 0.1 | D49: 40233 | E49: USHORT

Sheet SUN2000
A1: State | B1: Description | C1: Factor | D1: Register | E1: Data Type | F1: Remark
A2: "use" | B2: Active power | C2: 0.001 | D2: 32080 | E2: SW_INT
A3: "not use" | B3: Active power adjustment | C3: 1 | D3: 40196 | E3: SHORT
A4: "not use" | B4: Cabinet temperature | C4: 0.1 | D4: 32087 | E4: SHORT
A5: "not use" | B5: Collect DSP data | C5: 1 | D5: 32002 | E5: SHORT
A6: "use" | B6: Device status | C6: 1 | D6: 32089 | E6: SHORT | F6: 0x0000 Standby: initializing 0x0001 Standby: detecting insulation resistance 0x0002 Standby: detecting irradiation 0x0003 Standby: Grid detecting 0x0100 Starting 0x0200 On-grid 0x0201 Grid connection: power limited 0x0202 Grid connection: selfderating 0x0300 Shutdown: fault 0x0301 Shutdown: command 0x0302 Shutdown: OVGR 0x0303 Shutdown: communication disconnected 0x0304 Shutdown: power limited 0x0306 Shutdown: DC switches disconnected 0xA000 Standby: no irradiation
A7: "use" | B7: Energy yield of current day | C7: 0.01 | D7: 32114 | E7: SW_UINT
A8: "not use" | B8: Grid frequency | C8: 0.01 | D8: 32085 | E8: SHORT
A9: "not use" | B9: Input power | C9: 0.001 | D9: 32064 | E9: SW_INT
A10: "not use" | B10: Locking | C10: 1 | D10: 40699 | E10: SHORT
A11: "not use" | B11: Phase A current | C11: 0.001 | D11: 32072 | E11: SW_INT
A12: "not use" | B12: Phase A voltage | C12: 0.1 | D12: 32069 | E12: SHORT
A13: "not use" | B13: Phase B current | C13: 0.001 | D13: 32074 | E13: SW_INT
A14: "not use" | B14: Phase B voltage | C14: 0.1 | D14: 32070 | E14: SHORT
A15: "not use" | B15: Phase C current | C15: 0.001 | D15: 32076 | E15: SW_INT
A16: "not use" | B16: Phase C voltage | C16: 0.1 | D16: 32071 | E16: SHORT
A17: "not use" | B17: Power factor | C17: 0.001 | D17: 32084 | E17: SHORT
A18: "not use" | B18: PV1 voltage | C18: 0.1 | D18: 32016 | E18: SHORT
... A72: "use" | B72: Power_adjustment | C72: 0.1 | D72: 35302 | E72: SHORT

Sheet Weather Sensor
A1: State | B1: Description | C1: Factor | D1: Register | E1: Data Type | F1: Remark
A2: "use" | B2: Total_irradiation | C2: 0.1 | D2: 40035 | E2: SHORT
A3: "use" | B3: Daily irradiation amount | C3: 0.1 | D3: 40043 | E3: SW_INT
A4: "use" | B4: Total_irradiation_POA | C4: 0.1 | D4: 40038 | E4: SHORT
A5: "use" | B5: Daily_irradiation_amount_POA | C5: 1 | D5: 40045 | E5: SW_INT

Sheet From LCD
A2: 0000FFFE | B2: A | C2: 0000 | D2: Reg 0000FFFE | E2: Reg 0000FFFE'
A3: 0000F010 | B3: A | C3: 090 | D3: Current Date | E3: 090 Current Date'
A4: 0000F011 | B4: A | C4: 091 | D4: Current Time | E4: 091 Current Time'
A5: 0000FC00 | B5: A | C5: 095 | D5: D/TLast reset | E5: 095D/TLast reset'
A6: 0000F032 | B6: A | C6: 096 | D6: No. of reset | E6: 096 No. of reset'
A7: 0000E033 | B7: A | C7: 093 | D7: Inst. kW | E7: 093 Inst. kW'
A8: 0000E043 | B8: A | C8: 193 | D8: Inst. kVAr | E8: 193 Inst. kVAr'
A9: 00000069 | B9: A | C9: 000 | D9: 000 Total kWh | E9: '000 Total kWh'
A10: 00000060 | B10: A | C10: 001 | D10: kWh Rate A | E10: 001 kWh Rate A'
A11: 00000061 | B11: A | C11: 002 | D11: kWh Rate B | E11: 002 kWh Rate B'
A12: 00000062 | B12: A | C12: 003 | D12: kWh Rate C | E12: 003 kWh Rate C'
A13: 00001000 | B13: A | C13: 005 | D13: Max kW A | E13: 005 Max kW A'
... A28: 00001142 | B28: A | C28: 117 | D28: kVAr-Cum C | E28: 117 kVAr-Cum C'
A29: 0000F540 | B29: B | D29: CT Ratio | E29: CT Ratio'
A30: 0000F541 | B30: B | D30: VT Ratio | E30: VT Ratio'
A31: 0000F00A | B31: B | D31: Measurement Meth | E31: Measurement Meth'
A32: 0000F500 | B32: B | D32: ABC_V+ABC_A | E32: ABC_V+ABC_A'
A33: 0000E020 | B33: B | D33: V I Angle PhA | E33: V I Angle PhA'
A34: 0000E021 | B34: B | D34: V I Angle PhB | E34: V I Angle PhB'
A35: 0000E022 | B35: B | D35: V I Angle PhC | E35: V I Angle PhC'
A36: 0000E026 | B36: B | D36: Power Factor | E36: Power Factor'
A37: 0000E060 | B37: B | D37: Frequency | E37: Frequency'
A38: 0000FC20 | B38: B | C38: 192 | D38: LastPowerDown | E38: 192LastPowerDown'
A39: 0000F093 | B39: B | C39: 292 | D39: Last Power Up | E39: 292Last Power Up'
A40: 0000FFFE | B40: C | C40: 0000 | D40: Reg 0000FFFE | E40: Reg 0000FFFE'
A41: 0000F010 | B41: C | C41: 090 | D41: Current Date | E41: 090 Current Date'
A42: 0000F011 | B42: C | C42: 091 | D42: Current Time | E42: 091 Current Time'
A43: 0000FC00 | B43: C | C43: 095 | D43: D/T Last rese | E43: 095D/T Last rese'
A44: 0000F032 | B44: C | C44: 096 | D44: No. of Reset | E44: 096 No. of Reset'
A45: 00000049 | B45: C | C45: 111 | D45: BT Total kWh | E45: 111 BT Total kWh'
A46: 00000040 | B46: C | C46: 010 | D46: 010 BT kWh A | E46: '010 BT kWh A'
A47: 00000041 | B47: C | C47: 020 | D47: BT kWh B | E47: 020 BT kWh B'
A48: 00000042 | B48: C | C48: 030 | D48: 030 BT kWh C | E48: '030 BT kWh C'
A49: 00001020 | B49: C | C49: 050 | D49: PV kW A | E49: 050 PV kW A'
... A57: 00001149 | B57: C | C57: 118 | D57: kVAr-Cum | E57: 118 kVAr-Cum'
A58: 0000F016 | B58: B | D58: Current Status F | E58: Current Status F'
A59: 0000F017 | B59: B | D59: Latched Status F | E59: Latched Status F'

Sheet Bill Point
A1: ID | B1: Previous value displayed in Section C | C1: Register | D1: AI
A2: 888 | B2: Previous LCD Checking | E2: 0000FFFE
A3: 90 | B3: Previous DD-MM-YY of Reading | C3: 0000F010 | E3: 0000F010
A4: 91 | B4: Previous Time of Reading | C4: 0000F011 | E4: 0000F011
A5: 95 | B5: Previous DD-MM-YY : Time of Reset | C5: 0000FC00 | E5: 0000FC00
A6: 96 | B6: PreviousTimes of Reset | C6: 0000F032 | E6: 0000F032
A7: 111 | B7: Previous kWh Total Reading(Reset) | C7: 00000049 | E7: 00000049
A8: 10 | B8: Previous kWh Rate A Reading(Reset) | C8: 00000040 | E8: 00000040
A9: 20 | B9: Previous kWh Rate B Reading(Reset) | C9: 00000041 | E9: 00000041
A10: 30 | B10: Previous kWh Rate C Reading(Reset) | C10: 00000042 | E10: 00000042
A11: 50 | B11: Previous kWp Rate A Reading(Reset) | C11: 00001020 | E11: 00001020
A12: 60 | B12: Previous kWp Rate B Reading(Reset) | C12: 00001021 | E12: 00001021
A13: 70 | B13: Previous kWp Rate C Reading(Reset) | C13: 00001022 | E13: 00001022
A14: 15 | B14: Previous Comulative kWh-Rate A Reading | C14: 00001040 | E14: 00001040
... A19: 118 | B19: Previous Comulative kVarh demand Total Reading(Reset) | C19: 00001149 | E19: 00001149

Sheet VISTEC12 (2)
A1: VT1 | B1: VT2 | C1: VT3 | D1: MODBUS VISTEC1&2&KVIS | K1: ENOS KVIS | W1: ENOS VISTEC
A2: =VLOOKUP(G2,$U$2:$AF$93,2,0) -> Used | B2: =VLOOKUP(G2,$U$2:$AF$93,2,0) -> Used | C2: =VLOOKUP(G2,$I$2:$T$93,2,0) -> Used | D2: 7001 | E2: 0000E033 | F2: Inst kW | G2: =D2-1 -> 7000 | I2: =R2 -> 7000 | J2: Used | K2: Inst_kW | L2: 0 | M2: float | N2: AI | O2: 0.001 | P2: 0 | Q2: Inst_kW | R2: 7000 | S2: 3 | T2: FLOAT | U2: =AD2 -> 7000 | V2: Used | W2: Inst_kW | X2: 0 | Y2: float | Z2: AI | AA2: 0.001 | AB2: 0 | AC2: Inst_kW | AD2: 7000 | AE2: 3 | AF2: FLOAT
A3: =VLOOKUP(G3,$U$2:$AF$93,2,0) -> Used | B3: =VLOOKUP(G3,$U$2:$AF$93,2,0) -> Used | C3: =VLOOKUP(G3,$I$2:$T$93,2,0) -> Used | D3: 7003 | E3: 0000E043 | F3: Inst kVAr | G3: =D3-1 -> 7002 | I3: =R3 -> 7002 | J3: Used | K3: Inst_kVAr | L3: 1 | M3: float | N3: AI | O3: 0.001 | P3: 0 | Q3: Inst_kVAr | R3: 7002 | S3: 3 | T3: FLOAT | U3: =AD3 -> 7002 | V3: Used | W3: Inst_kVAr | X3: 1 | Y3: float | Z3: AI | AA3: 0.001 | AB3: 0 | AC3: Inst_kVAr | AD3: 7002 | AE3: 3 | AF3: FLOAT
A4: =VLOOKUP(G4,$U$2:$AF$93,2,0) -> Used | B4: =VLOOKUP(G4,$U$2:$AF$93,2,0) -> Used | C4: =VLOOKUP(G4,$I$2:$T$93,2,0) -> Used | D4: 7005 | E4: 00000069 | F4: Ex Total kWh | G4: =D4-1 -> 7004 | I4: =R4 -> 7004 | J4: Used | K4: Ex_Total_kWh | L4: 2 | M4: float | N4: AI | O4: 0.001 | P4: 0 | Q4: Ex_Total_kWh | R4: 7004 | S4: 3 | T4: FLOAT | U4: =AD4 -> 7004 | V4: Used | W4: Ex_Total_kWh | X4: 2 | Y4: float | Z4: AI | AA4: 0.001 | AB4: 0 | AC4: Ex_Total_kWh | AD4: 7004 | AE4: 3 | AF4: FLOAT
A5: =VLOOKUP(G5,$U$2:$AF$93,2,0) -> Used | B5: =VLOOKUP(G5,$U$2:$AF$93,2,0) -> Used | C5: =VLOOKUP(G5,$I$2:$T$93,2,0) -> Used | D5: 7007 | E5: 00000000 | F5: Ex kWh RateA | G5: =D5-1 -> 7006 | I5: =R5 -> 7006 | J5: Used | K5: Ex_kWh_RateA | L5: 3 | M5: float | N5: AI | O5: 0.001 | P5: 0 | Q5: Ex_kWh_RateA | R5: 7006 | S5: 3 | T5: FLOAT | U5: =AD5 -> 7006 | V5: Used | W5: Ex_kWh_RateA | X5: 3 | Y5: float | Z5: AI | AA5: 0.001 | AB5: 0 | AC5: Ex_kWh_RateA | AD5: 7006 | AE5: 3 | AF5: FLOAT
A6: =VLOOKUP(G6,$U$2:$AF$93,2,0) -> Used | B6: =VLOOKUP(G6,$U$2:$AF$93,2,0) -> Used | C6: =VLOOKUP(G6,$I$2:$T$93,2,0) -> Used | D6: 7009 | E6: 00000001 | F6: Ex kWh RateB | G6: =D6-1 -> 7008 | I6: =R6 -> 7008 | J6: Used | K6: Ex_kWh_RateB | L6: 4 | M6: float | N6: AI | O6: 0.001 | P6: 0 | Q6: Ex_kWh_RateB | R6: 7008 | S6: 3 | T6: FLOAT | U6: =AD6 -> 7008 | V6: Used | W6: Ex_kWh_RateB | X6: 4 | Y6: float | Z6: AI | AA6: 0.001 | AB6: 0 | AC6: Ex_kWh_RateB | AD6: 7008 | AE6: 3 | AF6: FLOAT
A7: =VLOOKUP(G7,$U$2:$AF$93,2,0) -> Used | B7: =VLOOKUP(G7,$U$2:$AF$93,2,0) -> Used | C7: =VLOOKUP(G7,$I$2:$T$93,2,0) -> Used | D7: 7011 | E7: 00000002 | F7: Ex kWh RateC | G7: =D7-1 -> 7010 | I7: =R7 -> 7010 | J7: Used | K7: Ex_kWh_RateC | L7: 5 | M7: float | N7: AI | O7: 0.001 | P7: 0 | Q7: Ex_kWh_RateC | R7: 7010 | S7: 3 | T7: FLOAT | U7: =AD7 -> 7010 | V7: Used | W7: Ex_kWh_RateC | X7: 5 | Y7: float | Z7: AI | AA7: 0.001 | AB7: 0 | AC7: Ex_kWh_RateC | AD7: 7010 | AE7: 3 | AF7: FLOAT
A8: =VLOOKUP(G8,$U$2:$AF$93,2,0) -> 0 | B8: =VLOOKUP(G8,$U$2:$AF$93,2,0) -> 0 | C8: =VLOOKUP(G8,$I$2:$T$93,2,0) -> 0 | D8: 7013 | E8: 00001000 | F8: Ex Max kW A | G8: =D8-1 -> 7012 | I8: =R8 -> 7012 | K8: Ex_Max_kW_A | L8: 6 | M8: float | N8: AI | O8: 0.001 | P8: 0 | Q8: Ex_Max_kW_A | R8: 7012 | S8: 3 | T8: FLOAT | U8: =AD8 -> 7012 | W8: Ex_Max_kW_A | X8: 6 | Y8: float | Z8: AI | AA8: 0.001 | AB8: 0 | AC8: Ex_Max_kW_A | AD8: 7012 | AE8: 3 | AF8: FLOAT
A9: =VLOOKUP(G9,$U$2:$AF$93,2,0) -> 0 | B9: =VLOOKUP(G9,$U$2:$AF$93,2,0) -> 0 | C9: =VLOOKUP(G9,$I$2:$T$93,2,0) -> 0 | D9: 7015 | E9: 00001001 | F9: Ex Max kW B | G9: =D9-1 -> 7014 | I9: =R9 -> 7014 | K9: Ex_Max_kW_B | L9: 7 | M9: float | N9: AI | O9: 0.001 | P9: 0 | Q9: Ex_Max_kW_B | R9: 7014 | S9: 3 | T9: FLOAT | U9: =AD9 -> 7014 | W9: Ex_Max_kW_B | X9: 7 | Y9: float | Z9: AI | AA9: 0.001 | AB9: 0 | AC9: Ex_Max_kW_B | AD9: 7014 | AE9: 3 | AF9: FLOAT
A10: =VLOOKUP(G10,$U$2:$AF$93,2,0) -> 0 | B10: =VLOOKUP(G10,$U$2:$AF$93,2,0) -> 0 | C10: =VLOOKUP(G10,$I$2:$T$93,2,0) -> 0 | D10: 7017 | E10: 00001002 | F10: Ex Max kW C | G10: =D10-1 -> 7016 | I10: =R10 -> 7016 | K10: Ex_Max_kW_C | L10: 8 | M10: float | N10: AI | O10: 0.001 | P10: 0 | Q10: Ex_Max_kW_C | R10: 7016 | S10: 3 | T10: FLOAT | U10: =AD10 -> 7016 | W10: Ex_Max_kW_C | X10: 8 | Y10: float | Z10: AI | AA10: 0.001 | AB10: 0 | AC10: Ex_Max_kW_C | AD10: 7016 | AE10: 3 | AF10: FLOAT
A11: =VLOOKUP(G11,$U$2:$AF$93,2,0) -> 0 | B11: =VLOOKUP(G11,$U$2:$AF$93,2,0) -> 0 | C11: =VLOOKUP(G11,$I$2:$T$93,2,0) -> 0 | D11: 7019 | E11: 00001040 | F11: Ex kW-Cum A | G11: =D11-1 -> 7018 | I11: =R11 -> 7018 | K11: Ex_kW_Cum_A | L11: 9 | M11: float | N11: AI | O11: 0.001 | P11: 0 | Q11: Ex_kW_Cum_A | R11: 7018 | S11: 3 | T11: FLOAT | U11: =AD11 -> 7018 | W11: Ex_kW_Cum_A | X11: 9 | Y11: float | Z11: AI | AA11: 0.001 | AB11: 0 | AC11: Ex_kW_Cum_A | AD11: 7018 | AE11: 3 | AF11: FLOAT
A12: =VLOOKUP(G12,$U$2:$AF$93,2,0) -> 0 | B12: =VLOOKUP(G12,$U$2:$AF$93,2,0) -> 0 | C12: =VLOOKUP(G12,$I$2:$T$93,2,0) -> 0 | D12: 7021 | E12: 00001041 | F12: Ex kW-Cum B | G12: =D12-1 -> 7020 | I12: =R12 -> 7020 | K12: Ex_kW_Cum_B | L12: 10 | M12: float | N12: AI | O12: 0.001 | P12: 0 | Q12: Ex_kW_Cum_B | R12: 7020 | S12: 3 | T12: FLOAT | U12: =AD12 -> 7020 | W12: Ex_kW_Cum_B | X12: 10 | Y12: float | Z12: AI | AA12: 0.001 | AB12: 0 | AC12: Ex_kW_Cum_B | AD12: 7020 | AE12: 3 | AF12: FLOAT
A13: =VLOOKUP(G13,$U$2:$AF$93,2,0) -> 0 | B13: =VLOOKUP(G13,$U$2:$AF$93,2,0) -> 0 | C13: =VLOOKUP(G13,$I$2:$T$93,2,0) -> 0 | D13: 7023 | E13: 00001042 | F13: Ex kW-Cum C | G13: =D13-1 -> 7022 | I13: =R13 -> 7022 | K13: Ex_kW_Cum_C | L13: 11 | M13: float | N13: AI | O13: 0.001 | P13: 0 | Q13: Ex_kW_Cum_C | R13: 7022 | S13: 3 | T13: FLOAT | U13: =AD13 -> 7022 | W13: Ex_kW_Cum_C | X13: 11 | Y13: float | Z13: AI | AA13: 0.001 | AB13: 0 | AC13: Ex_kW_Cum_C | AD13: 7022 | AE13: 3 | AF13: FLOAT
A14: =VLOOKUP(G14,$U$2:$AF$93,2,0) -> Used | B14: =VLOOKUP(G14,$U$2:$AF$93,2,0) -> Used | C14: =VLOOKUP(G14,$I$2:$T$93,2,0) -> Used | D14: 7025 | E14: 00000169 | F14: Ex Total kVArh | G14: =D14-1 -> 7024 | I14: =R14 -> 7024 | J14: Used | K14: Ex_Total_kVArh | L14: 12 | M14: float | N14: AI | O14: 0.001 | P14: 0 | Q14: Ex_Total_kVArh | R14: 7024 | S14: 3 | T14: FLOAT | U14: =AD14 -> 7024 | V14: Used | W14: Ex_Total_kVArh | X14: 12 | Y14: float | Z14: AI | AA14: 0.001 | AB14: 0 | AC14: Ex_Total_kVArh | AD14: 7024 | AE14: 3 | AF14: FLOAT
A15: =VLOOKUP(G15,$U$2:$AF$93,2,0) -> 0 | B15: =VLOOKUP(G15,$U$2:$AF$93,2,0) -> 0 | C15: =VLOOKUP(G15,$I$2:$T$93,2,0) -> 0 | D15: 7027 | E15: 00000160 | F15: Ex kVArh A | G15: =D15-1 -> 7026 | I15: =R15 -> 7026 | K15: Ex_kVArh_RateA | L15: 13 | M15: float | N15: AI | O15: 0.001 | P15: 0 | Q15: Ex_kVArh_RateA | R15: 7026 | S15: 3 | T15: FLOAT | U15: =AD15 -> 7026 | W15: Ex_kVArh_RateA | X15: 13 | Y15: float | Z15: AI | AA15: 0.001 | AB15: 0 | AC15: Ex_kVArh_RateA | AD15: 7026 | AE15: 3 | AF15: FLOAT
A16: =VLOOKUP(G16,$U$2:$AF$93,2,0) -> 0 | B16: =VLOOKUP(G16,$U$2:$AF$93,2,0) -> 0 | C16: =VLOOKUP(G16,$I$2:$T$93,2,0) -> 0 | D16: 7029 | E16: 00000161 | F16: Ex kVArh B | G16: =D16-1 -> 7028 | I16: =R16 -> 7028 | K16: Ex_kVArh_RateB | L16: 14 | M16: float | N16: AI | O16: 0.001 | P16: 0 | Q16: Ex_kVArh_RateB | R16: 7028 | S16: 3 | T16: FLOAT | U16: =AD16 -> 7028 | W16: Ex_kVArh_RateB | X16: 14 | Y16: float | Z16: AI | AA16: 0.001 | AB16: 0 | AC16: Ex_kVArh_RateB | AD16: 7028 | AE16: 3 | AF16: FLOAT
A17: =VLOOKUP(G17,$U$2:$AF$93,2,0) -> 0 | B17: =VLOOKUP(G17,$U$2:$AF$93,2,0) -> 0 | C17: =VLOOKUP(G17,$I$2:$T$93,2,0) -> 0 | D17: 7031 | E17: 00000162 | F17: Ex kVArh C | G17: =D17-1 -> 7030 | I17: =R17 -> 7030 | K17: Ex_kVArh_RateC | L17: 15 | M17: float | N17: AI | O17: 0.001 | P17: 0 | Q17: Ex_kVArh_RateC | R17: 7030 | S17: 3 | T17: FLOAT | U17: =AD17 -> 7030 | W17: Ex_kVArh_RateC | X17: 15 | Y17: float | Z17: AI | AA17: 0.001 | AB17: 0 | AC17: Ex_kVArh_RateC | AD17: 7030 | AE17: 3 | AF17: FLOAT
A18: =VLOOKUP(G18,$U$2:$AF$93,2,0) -> 0 | B18: =VLOOKUP(G18,$U$2:$AF$93,2,0) -> 0 | C18: =VLOOKUP(G18,$I$2:$T$93,2,0) -> 0 | D18: 7033 | E18: 00001100 | F18: Ex Max kVArh A | G18: =D18-1 -> 7032 | I18: =R18 -> 7032 | K18: Ex_Max_kVAr_A | L18: 16 | M18: float | N18: AI | O18: 0.001 | P18: 0 | Q18: Ex_Max_kVAr_A | R18: 7032 | S18: 3 | T18: FLOAT | U18: =AD18 -> 7032 | W18: Ex_Max_kVAr_A | X18: 16 | Y18: float | Z18: AI | AA18: 0.001 | AB18: 0 | AC18: Ex_Max_kVAr_A | AD18: 7032 | AE18: 3 | AF18: FLOAT
A19: =VLOOKUP(G19,$U$2:$AF$93,2,0) -> 0 | B19: =VLOOKUP(G19,$U$2:$AF$93,2,0) -> 0 | C19: =VLOOKUP(G19,$I$2:$T$93,2,0) -> 0 | D19: 7035 | E19: 00001101 | F19: Ex Max kVArh B | G19: =D19-1 -> 7034 | I19: =R19 -> 7034 | K19: Ex_Max_kVAr_B | L19: 17 | M19: float | N19: AI | O19: 0.001 | P19: 0 | Q19: Ex_Max_kVAr_B | R19: 7034 | S19: 3 | T19: FLOAT | U19: =AD19 -> 7034 | W19: Ex_Max_kVAr_B | X19: 17 | Y19: float | Z19: AI | AA19: 0.001 | AB19: 0 | AC19: Ex_Max_kVAr_B | AD19: 7034 | AE19: 3 | AF19: FLOAT
A20: =VLOOKUP(G20,$U$2:$AF$93,2,0) -> 0 | B20: =VLOOKUP(G20,$U$2:$AF$93,2,0) -> 0 | C20: =VLOOKUP(G20,$I$2:$T$93,2,0) -> 0 | D20: 7037 | E20: 00001102 | F20: Ex Max kVArh C | G20: =D20-1 -> 7036 | I20: =R20 -> 7036 | K20: Ex_Max_kVAr_C | L20: 18 | M20: float | N20: AI | O20: 0.001 | P20: 0 | Q20: Ex_Max_kVAr_C | R20: 7036 | S20: 3 | T20: FLOAT | U20: =AD20 -> 7036 | W20: Ex_Max_kVAr_C | X20: 18 | Y20: float | Z20: AI | AA20: 0.001 | AB20: 0 | AC20: Ex_Max_kVAr_C | AD20: 7036 | AE20: 3 | AF20: FLOAT
A21: =VLOOKUP(G21,$U$2:$AF$93,2,0) -> 0 | B21: =VLOOKUP(G21,$U$2:$AF$93,2,0) -> 0 | C21: =VLOOKUP(G21,$I$2:$T$93,2,0) -> 0 | D21: 7039 | E21: 00000140 | F21: Ex kVArh-Cum A | G21: =D21-1 -> 7038 | I21: =R21 -> 7038 | K21: Ex_kVAr_Cum_A | L21: 19 | M21: float | N21: AI | O21: 0.001 | P21: 0 | Q21: Ex_kVAr_Cum_A | R21: 7038 | S21: 3 | T21: FLOAT | U21: =AD21 -> 7038 | W21: Ex_kVAr_Cum_A | X21: 19 | Y21: float | Z21: AI | AA21: 0.001 | AB21: 0 | AC21: Ex_kVAr_Cum_A | AD21: 7038 | AE21: 3 | AF21: FLOAT
A22: =VLOOKUP(G22,$U$2:$AF$93,2,0) -> 0 | B22: =VLOOKUP(G22,$U$2:$AF$93,2,0) -> 0 | C22: =VLOOKUP(G22,$I$2:$T$93,2,0) -> 0 | D22: 7041 | E22: 00000141 | F22: Ex kVArh-Cum B | G22: =D22-1 -> 7040 | I22: =R22 -> 7040 | K22: Ex_kVAr_Cum_B | L22: 20 | M22: float | N22: AI | O22: 0.001 | P22: 0 | Q22: Ex_kVAr_Cum_B | R22: 7040 | S22: 3 | T22: FLOAT | U22: =AD22 -> 7040 | W22: Ex_kVAr_Cum_B | X22: 20 | Y22: float | Z22: AI | AA22: 0.001 | AB22: 0 | AC22: Ex_kVAr_Cum_B | AD22: 7040 | AE22: 3 | AF22: FLOAT
A23: =VLOOKUP(G23,$U$2:$AF$93,2,0) -> 0 | B23: =VLOOKUP(G23,$U$2:$AF$93,2,0) -> 0 | C23: =VLOOKUP(G23,$I$2:$T$93,2,0) -> 0 | D23: 7043 | E23: 00000142 | F23: Ex kVArh-Cum C | G23: =D23-1 -> 7042 | I23: =R23 -> 7042 | K23: Ex_kVAr_Cum_C | L23: 21 | M23: float | N23: AI | O23: 0.001 | P23: 0 | Q23: Ex_kVAr_Cum_C | R23: 7042 | S23: 3 | T23: FLOAT | U23: =AD23 -> 7042 | W23: Ex_kVAr_Cum_C | X23: 21 | Y23: float | Z23: AI | AA23: 0.001 | AB23: 0 | AC23: Ex_kVAr_Cum_C | AD23: 7042 | AE23: 3 | AF23: FLOAT
A24: =VLOOKUP(G24,$U$2:$AF$93,2,0) -> Used | B24: =VLOOKUP(G24,$U$2:$AF$93,2,0) -> Used | C24: =VLOOKUP(G24,$I$2:$T$93,2,0) -> Used | D24: 7045 | E24: 00000049 | F24: Ex BT Total kWh | G24: =D24-1 -> 7044 | I24: =R24 -> 7044 | J24: Used | K24: Ex_BT_Total_kWh | L24: 22 | M24: float | N24: AI | O24: 0.001 | P24: 0 | Q24: Ex_BT_Total_kWh | R24: 7044 | S24: 3 | T24: FLOAT | U24: =AD24 -> 7044 | V24: Used | W24: Ex_BT_Total_kWh | X24: 22 | Y24: float | Z24: AI | AA24: 0.001 | AB24: 0 | AC24: Ex_BT_Total_kWh | AD24: 7044 | AE24: 3 | AF24: FLOAT
A25: =VLOOKUP(G25,$U$2:$AF$93,2,0) -> Used | B25: =VLOOKUP(G25,$U$2:$AF$93,2,0) -> Used | C25: =VLOOKUP(G25,$I$2:$T$93,2,0) -> Used | D25: 7047 | E25: 00000040 | F25: Ex BT kWhA | G25: =D25-1 -> 7046 | I25: =R25 -> 7046 | J25: Used | K25: Ex_BT_kWhA | L25: 23 | M25: float | N25: AI | O25: 0.001 | P25: 0 | Q25: Ex_BT_kWhA | R25: 7046 | S25: 3 | T25: FLOAT | U25: =AD25 -> 7046 | V25: Used | W25: Ex_BT_kWhA | X25: 23 | Y25: float | Z25: AI | AA25: 0.001 | AB25: 0 | AC25: Ex_BT_kWhA | AD25: 7046 | AE25: 3 | AF25: FLOAT
A26: =VLOOKUP(G26,$U$2:$AF$93,2,0) -> Used | B26: =VLOOKUP(G26,$U$2:$AF$93,2,0) -> Used | C26: =VLOOKUP(G26,$I$2:$T$93,2,0) -> Used | D26: 7049 | E26: 00000041 | F26: Ex BT kWhB | G26: =D26-1 -> 7048 | I26: =R26 -> 7048 | J26: Used | K26: Ex_BT_kWhB | L26: 24 | M26: float | N26: AI | O26: 0.001 | P26: 0 | Q26: Ex_BT_kWhB | R26: 7048 | S26: 3 | T26: FLOAT | U26: =AD26 -> 7048 | V26: Used | W26: Ex_BT_kWhB | X26: 24 | Y26: float | Z26: AI | AA26: 0.001 | AB26: 0 | AC26: Ex_BT_kWhB | AD26: 7048 | AE26: 3 | AF26: FLOAT
A27: =VLOOKUP(G27,$U$2:$AF$93,2,0) -> Used | B27: =VLOOKUP(G27,$U$2:$AF$93,2,0) -> Used | C27: =VLOOKUP(G27,$I$2:$T$93,2,0) -> Used | D27: 7051 | E27: 00000042 | F27: Ex BT kWhC | G27: =D27-1 -> 7050 | I27: =R27 -> 7050 | J27: Used | K27: Ex_BT_kWhC | L27: 25 | M27: float | N27: AI | O27: 0.001 | P27: 0 | Q27: Ex_BT_kWhC | R27: 7050 | S27: 3 | T27: FLOAT | U27: =AD27 -> 7050 | V27: Used | W27: Ex_BT_kWhC | X27: 25 | Y27: float | Z27: AI | AA27: 0.001 | AB27: 0 | AC27: Ex_BT_kWhC | AD27: 7050 | AE27: 3 | AF27: FLOAT
A28: =VLOOKUP(G28,$U$2:$AF$93,2,0) -> 0 | B28: =VLOOKUP(G28,$U$2:$AF$93,2,0) -> 0 | C28: =VLOOKUP(G28,$I$2:$T$93,2,0) -> 0 | D28: 7053 | E28: 00001020 | F28: Ex PV kW A | G28: =D28-1 -> 7052 | I28: =R28 -> 7052 | K28: Ex_PV_kW_A | L28: 26 | M28: float | N28: AI | O28: 0.001 | P28: 0 | Q28: Ex_PV_kW_A | R28: 7052 | S28: 3 | T28: FLOAT | U28: =AD28 -> 7052 | W28: Ex_PV_kW_A | X28: 26 | Y28: float | Z28: AI | AA28: 0.001 | AB28: 0 | AC28: Ex_PV_kW_A | AD28: 7052 | AE28: 3 | AF28: FLOAT
A29: =VLOOKUP(G29,$U$2:$AF$93,2,0) -> 0 | B29: =VLOOKUP(G29,$U$2:$AF$93,2,0) -> 0 | C29: =VLOOKUP(G29,$I$2:$T$93,2,0) -> 0 | D29: 7055 | E29: 00001021 | F29: Ex PV kW B | G29: =D29-1 -> 7054 | I29: =R29 -> 7054 | K29: Ex_PV_kW_B | L29: 27 | M29: float | N29: AI | O29: 0.001 | P29: 0 | Q29: Ex_PV_kW_B | R29: 7054 | S29: 3 | T29: FLOAT | U29: =AD29 -> 7054 | W29: Ex_PV_kW_B | X29: 27 | Y29: float | Z29: AI | AA29: 0.001 | AB29: 0 | AC29: Ex_PV_kW_B | AD29: 7054 | AE29: 3 | AF29: FLOAT
A30: =VLOOKUP(G30,$U$2:$AF$93,2,0) -> 0 | B30: =VLOOKUP(G30,$U$2:$AF$93,2,0) -> 0 | C30: =VLOOKUP(G30,$I$2:$T$93,2,0) -> 0 | D30: 7057 | E30: 00001022 | F30: Ex PV kW C | G30: =D30-1 -> 7056 | I30: =R30 -> 7056 | K30: Ex_PV_kW_C | L30: 28 | M30: float | N30: AI | O30: 0.001 | P30: 0 | Q30: Ex_PV_kW_C | R30: 7056 | S30: 3 | T30: FLOAT | U30: =AD30 -> 7056 | W30: Ex_PV_kW_C | X30: 28 | Y30: float | Z30: AI | AA30: 0.001 | AB30: 0 | AC30: Ex_PV_kW_C | AD30: 7056 | AE30: 3 | AF30: FLOAT
A31: =VLOOKUP(G31,$U$2:$AF$93,2,0) -> Used | B31: =VLOOKUP(G31,$U$2:$AF$93,2,0) -> Used | C31: =VLOOKUP(G31,$I$2:$T$93,2,0) -> Used | D31: 7059 | E31: 00001040 | F31: Ex kW-Cum A | G31: =D31-1 -> 7058 | I31: =R31 -> 7058 | J31: Used | K31: Ex_kW_Cum_A2 | L31: 29 | M31: float | N31: AI | O31: 0.001 | P31: 0 | Q31: Ex_kW_Cum_A2 | R31: 7058 | S31: 3 | T31: FLOAT | U31: =AD31 -> 7058 | V31: Used | W31: Ex_kW_Cum_A2 | X31: 29 | Y31: float | Z31: AI | AA31: 0.001 | AB31: 0 | AC31: Ex_kW_Cum_A2 | AD31: 7058 | AE31: 3 | AF31: FLOAT
A32: =VLOOKUP(G32,$U$2:$AF$93,2,0) -> Used | B32: =VLOOKUP(G32,$U$2:$AF$93,2,0) -> Used | C32: =VLOOKUP(G32,$I$2:$T$93,2,0) -> Used | D32: 7061 | E32: 00001041 | F32: Ex kW-Cum B | G32: =D32-1 -> 7060 | I32: =R32 -> 7060 | J32: Used | K32: Ex_kW_Cum_B2 | L32: 30 | M32: float | N32: AI | O32: 0.001 | P32: 0 | Q32: Ex_kW_Cum_B2 | R32: 7060 | S32: 3 | T32: FLOAT | U32: =AD32 -> 7060 | V32: Used | W32: Ex_kW_Cum_B2 | X32: 30 | Y32: float | Z32: AI | AA32: 0.001 | AB32: 0 | AC32: Ex_kW_Cum_B2 | AD32: 7060 | AE32: 3 | AF32: FLOAT
A33: =VLOOKUP(G33,$U$2:$AF$93,2,0) -> Used | B33: =VLOOKUP(G33,$U$2:$AF$93,2,0) -> Used | C33: =VLOOKUP(G33,$I$2:$T$93,2,0) -> Used | D33: 7063 | E33: 00001042 | F33: Ex kW-Cum C | G33: =D33-1 -> 7062 | I33: =R33 -> 7062 | J33: Used | K33: Ex_kW_Cum_C2 | L33: 31 | M33: float | N33: AI | O33: 0.001 | P33: 0 | Q33: Ex_kW_Cum_C2 | R33: 7062 | S33: 3 | T33: FLOAT | U33: =AD33 -> 7062 | V33: Used | W33: Ex_kW_Cum_C2 | X33: 31 | Y33: float | Z33: AI | AA33: 0.001 | AB33: 0 | AC33: Ex_kW_Cum_C2 | AD33: 7062 | AE33: 3 | AF33: FLOAT
A34: =VLOOKUP(G34,$U$2:$AF$93,2,0) -> Used | B34: =VLOOKUP(G34,$U$2:$AF$93,2,0) -> Used | C34: =VLOOKUP(G34,$I$2:$T$93,2,0) -> Used | D34: 7065 | E34: 00000149 | F34: Ex BT Total kVA | G34: =D34-1 -> 7064 | I34: =R34 -> 7064 | J34: Used | K34: Ex_BT_Total_kVAr | L34: 32 | M34: float | N34: AI | O34: 0.001 | P34: 0 | Q34: Ex_BT_Total_kVAr | R34: 7064 | S34: 3 | T34: FLOAT | U34: =AD34 -> 7064 | V34: Used | W34: Ex_BT_Total_kVAr | X34: 32 | Y34: float | Z34: AI | AA34: 0.001 | AB34: 0 | AC34: Ex_BT_Total_kVAr | AD34: 7064 | AE34: 3 | AF34: FLOAT
A35: =VLOOKUP(G35,$U$2:$AF$93,2,0) -> 0 | B35: =VLOOKUP(G35,$U$2:$AF$93,2,0) -> 0 | C35: =VLOOKUP(G35,$I$2:$T$93,2,0) -> 0 | D35: 7067 | E35: 00000129 | F35: Ex PV kVAr | G35: =D35-1 -> 7066 | I35: =R35 -> 7066 | K35: Ex_PV_kVAr | L35: 33 | M35: float | N35: AI | O35: 0.001 | P35: 0 | Q35: Ex_PV_kVAr | R35: 7066 | S35: 3 | T35: FLOAT | U35: =AD35 -> 7066 | W35: Ex_PV_kVAr | X35: 33 | Y35: float | Z35: AI | AA35: 0.001 | AB35: 0 | AC35: Ex_PV_kVAr | AD35: 7066 | AE35: 3 | AF35: FLOAT
A36: =VLOOKUP(G36,$U$2:$AF$93,2,0) -> 0 | B36: =VLOOKUP(G36,$U$2:$AF$93,2,0) -> 0 | C36: =VLOOKUP(G36,$I$2:$T$93,2,0) -> 0 | D36: 7069 | E36: 00000169 | F36: Ex kVAr-Cum | G36: =D36-1 -> 7068 | I36: =R36 -> 7068 | K36: Ex_kVAr_Cum | L36: 34 | M36: float | N36: AI | O36: 0.001 | P36: 0 | Q36: Ex_kVAr_Cum | R36: 7068 | S36: 3 | T36: FLOAT | U36: =AD36 -> 7068 | W36: Ex_kVAr_Cum | X36: 34 | Y36: float | Z36: AI | AA36: 0.001 | AB36: 0 | AC36: Ex_kVAr_Cum | AD36: 7068 | AE36: 3 | AF36: FLOAT
A37: =VLOOKUP(G37,$U$2:$AF$93,2,0) -> 0 | B37: =VLOOKUP(G37,$U$2:$AF$93,2,0) -> 0 | C37: =VLOOKUP(G37,$I$2:$T$93,2,0) -> 0 | D37: 7071 | E37: 0000E000 | F37: Ph A Volt | G37: =D37-1 -> 7070 | I37: =R37 -> 7070 | K37: Ph_A_Volt | L37: 35 | M37: float | N37: AI | O37: 1 | P37: 0 | Q37: Ph_A_Volt | R37: 7070 | S37: 3 | T37: FLOAT | U37: =AD37 -> 7070 | W37: Ph_A_Volt | X37: 35 | Y37: float | Z37: AI | AA37: 1 | AB37: 0 | AC37: Ph_A_Volt | AD37: 7070 | AE37: 3 | AF37: FLOAT
A38: =VLOOKUP(G38,$U$2:$AF$93,2,0) -> 0 | B38: =VLOOKUP(G38,$U$2:$AF$93,2,0) -> 0 | C38: =VLOOKUP(G38,$I$2:$T$93,2,0) -> 0 | D38: 7073 | E38: 0000E001 | F38: Ph B Volt | G38: =D38-1 -> 7072 | I38: =R38 -> 7072 | K38: Ph_B_Volt | L38: 36 | M38: float | N38: AI | O38: 1 | P38: 0 | Q38: Ph_B_Volt | R38: 7072 | S38: 3 | T38: FLOAT | U38: =AD38 -> 7072 | W38: Ph_B_Volt | X38: 36 | Y38: float | Z38: AI | AA38: 1 | AB38: 0 | AC38: Ph_B_Volt | AD38: 7072 | AE38: 3 | AF38: FLOAT
A39: =VLOOKUP(G39,$U$2:$AF$93,2,0) -> 0 | B39: =VLOOKUP(G39,$U$2:$AF$93,2,0) -> 0 | C39: =VLOOKUP(G39,$I$2:$T$93,2,0) -> 0 | D39: 7075 | E39: 0000E002 | F39: Ph C Volt | G39: =D39-1 -> 7074 | I39: =R39 -> 7074 | K39: Ph_C_Volt | L39: 37 | M39: float | N39: AI | O39: 1 | P39: 0 | Q39: Ph_C_Volt | R39: 7074 | S39: 3 | T39: FLOAT | U39: =AD39 -> 7074 | W39: Ph_C_Volt | X39: 37 | Y39: float | Z39: AI | AA39: 1 | AB39: 0 | AC39: Ph_C_Volt | AD39: 7074 | AE39: 3 | AF39: FLOAT
A40: =VLOOKUP(G40,$U$2:$AF$93,2,0) -> 0 | B40: =VLOOKUP(G40,$U$2:$AF$93,2,0) -> 0 | C40: =VLOOKUP(G40,$I$2:$T$93,2,0) -> 0 | D40: 7077 | E40: 0000E010 | F40: Ph A Curr | G40: =D40-1 -> 7076 | I40: =R40 -> 7076 | K40: Ph_A_Curr | L40: 38 | M40: float | N40: AI | O40: 1 | P40: 0 | Q40: Ph_A_Curr | R40: 7076 | S40: 3 | T40: FLOAT | U40: =AD40 -> 7076 | W40: Ph_A_Curr | X40: 38 | Y40: float | Z40: AI | AA40: 1 | AB40: 0 | AC40: Ph_A_Curr | AD40: 7076 | AE40: 3 | AF40: FLOAT
A41: =VLOOKUP(G41,$U$2:$AF$93,2,0) -> 0 | B41: =VLOOKUP(G41,$U$2:$AF$93,2,0) -> 0 | C41: =VLOOKUP(G41,$I$2:$T$93,2,0) -> 0 | D41: 7079 | E41: 0000E011 | F41: Ph B Curr | G41: =D41-1 -> 7078 | I41: =R41 -> 7078 | K41: Ph_B_Curr | L41: 39 | M41: float | N41: AI | O41: 1 | P41: 0 | Q41: Ph_B_Curr | R41: 7078 | S41: 3 | T41: FLOAT | U41: =AD41 -> 7078 | W41: Ph_B_Curr | X41: 39 | Y41: float | Z41: AI | AA41: 1 | AB41: 0 | AC41: Ph_B_Curr | AD41: 7078 | AE41: 3 | AF41: FLOAT
A42: =VLOOKUP(G42,$U$2:$AF$93,2,0) -> 0 | B42: =VLOOKUP(G42,$U$2:$AF$93,2,0) -> 0 | C42: =VLOOKUP(G42,$I$2:$T$93,2,0) -> 0 | D42: 7081 | E42: 0000E012 | F42: Ph C Curr | G42: =D42-1 -> 7080 | I42: =R42 -> 7080 | K42: Ph_C_Curr | L42: 40 | M42: float | N42: AI | O42: 1 | P42: 0 | Q42: Ph_C_Curr | R42: 7080 | S42: 3 | T42: FLOAT | U42: =AD42 -> 7080 | W42: Ph_C_Curr | X42: 40 | Y42: float | Z42: AI | AA42: 1 | AB42: 0 | AC42: Ph_C_Curr | AD42: 7080 | AE42: 3 | AF42: FLOAT
A43: =VLOOKUP(G43,$U$2:$AF$93,2,0) -> 0 | B43: =VLOOKUP(G43,$U$2:$AF$93,2,0) -> 0 | C43: =VLOOKUP(G43,$I$2:$T$93,2,0) -> 0 | D43: 7083 | E43: 0000E020 | F43: Ph A angle | G43: =D43-1 -> 7082 | I43: =R43 -> 7082 | K43: Ph_A_angle | L43: 41 | M43: float | N43: AI | O43: 1 | P43: 0 | Q43: Ph_A_angle | R43: 7082 | S43: 3 | T43: FLOAT | U43: =AD43 -> 7082 | W43: Ph_A_angle | X43: 41 | Y43: float | Z43: AI | AA43: 1 | AB43: 0 | AC43: Ph_A_angle | AD43: 7082 | AE43: 3 | AF43: FLOAT
A44: =VLOOKUP(G44,$U$2:$AF$93,2,0) -> 0 | B44: =VLOOKUP(G44,$U$2:$AF$93,2,0) -> 0 | C44: =VLOOKUP(G44,$I$2:$T$93,2,0) -> 0 | D44: 7085 | E44: 0000E021 | F44: Ph B angle | G44: =D44-1 -> 7084 | I44: =R44 -> 7084 | K44: Ph_B_angle | L44: 42 | M44: float | N44: AI | O44: 1 | P44: 0 | Q44: Ph_B_angle | R44: 7084 | S44: 3 | T44: FLOAT | U44: =AD44 -> 7084 | W44: Ph_B_angle | X44: 42 | Y44: float | Z44: AI | AA44: 1 | AB44: 0 | AC44: Ph_B_angle | AD44: 7084 | AE44: 3 | AF44: FLOAT
A45: =VLOOKUP(G45,$U$2:$AF$93,2,0) -> 0 | B45: =VLOOKUP(G45,$U$2:$AF$93,2,0) -> 0 | C45: =VLOOKUP(G45,$I$2:$T$93,2,0) -> 0 | D45: 7087 | E45: 0000E022 | F45: Ph C angle | G45: =D45-1 -> 7086 | I45: =R45 -> 7086 | K45: Ph_C_angle | L45: 43 | M45: float | N45: AI | O45: 1 | P45: 0 | Q45: Ph_C_angle | R45: 7086 | S45: 3 | T45: FLOAT | U45: =AD45 -> 7086 | W45: Ph_C_angle | X45: 43 | Y45: float | Z45: AI | AA45: 1 | AB45: 0 | AC45: Ph_C_angle | AD45: 7086 | AE45: 3 | AF45: FLOAT
A46: =VLOOKUP(G46,$U$2:$AF$93,2,0) -> 0 | B46: =VLOOKUP(G46,$U$2:$AF$93,2,0) -> 0 | C46: =VLOOKUP(G46,$I$2:$T$93,2,0) -> 0 | D46: 7089 | E46: 0000E030 | F46: Ph A Watts | G46: =D46-1 -> 7088 | I46: =R46 -> 7088 | K46: Ph_A_Watts | L46: 44 | M46: float | N46: AI | O46: 0.001 | P46: 0 | Q46: Ph_A_Watts | R46: 7088 | S46: 3 | T46: FLOAT | U46: =AD46 -> 7088 | W46: Ph_A_Watts | X46: 44 | Y46: float | Z46: AI | AA46: 0.001 | AB46: 0 | AC46: Ph_A_Watts | AD46: 7088 | AE46: 3 | AF46: FLOAT
... A58: =VLOOKUP(G58,$U$2:$AF$93,2,0) -> 0 | B58: =VLOOKUP(G58,$U$2:$AF$93,2,0) -> 0 | C58: =VLOOKUP(G58,$I$2:$T$93,2,0) -> 0 | D58: 7113 | E58: 0000E026 | F58: Power Factor | G58: =D58-1 -> 7112 | I58: =R58 -> 7112 | K58: Power_factor | L58: 56 | M58: float | N58: AI | O58: 1 | P58: 0 | Q58: Power_factor | R58: 7112 | S58: 3 | T58: FLOAT | U58: =AD58 -> 7112 | W58: Power_factor | X58: 56 | Y58: float | Z58: AI | AA58: 1 | AB58: 0 | AC58: Power_factor | AD58: 7112 | AE58: 3 | AF58: FLOAT
A59: =VLOOKUP(G59,$U$2:$AF$93,2,0) -> Used | B59: =VLOOKUP(G59,$U$2:$AF$93,2,0) -> Used | C59: =VLOOKUP(G59,$I$2:$T$93,2,0) -> Used | D59: 7115 | E59: 00000200 | F59: Im kWh RateA | G59: =D59-1 -> 7114 | I59: =R59 -> 7114 | J59: Used | K59: Im_kWh_RateA | L59: 57 | M59: float | N59: AI | O59: 0.001 | P59: 0 | Q59: Im_kWh_RateA | R59: 7114 | S59: 3 | T59: FLOAT | U59: =AD59 -> 7114 | V59: Used | W59: Im_kWh_RateA | X59: 57 | Y59: float | Z59: AI | AA59: 0.001 | AB59: 0 | AC59: Im_kWh_RateA | AD59: 7114 | AE59: 3 | AF59: FLOAT
A60: =VLOOKUP(G60,$U$2:$AF$93,2,0) -> Used | B60: =VLOOKUP(G60,$U$2:$AF$93,2,0) -> Used | C60: =VLOOKUP(G60,$I$2:$T$93,2,0) -> Used | D60: 7117 | E60: 00000201 | F60: Im kWh RateB | G60: =D60-1 -> 7116 | I60: =R60 -> 7116 | J60: Used | K60: Im_kWh_RateB | L60: 58 | M60: float | N60: AI | O60: 0.001 | P60: 0 | Q60: Im_kWh_RateB | R60: 7116 | S60: 3 | T60: FLOAT | U60: =AD60 -> 7116 | V60: Used | W60: Im_kWh_RateB | X60: 58 | Y60: float | Z60: AI | AA60: 0.001 | AB60: 0 | AC60: Im_kWh_RateB | AD60: 7116 | AE60: 3 | AF60: FLOAT
A61: =VLOOKUP(G61,$U$2:$AF$93,2,0) -> Used | B61: =VLOOKUP(G61,$U$2:$AF$93,2,0) -> Used | C61: =VLOOKUP(G61,$I$2:$T$93,2,0) -> Used | D61: 7119 | E61: 00000202 | F61: Im kWh RateC | G61: =D61-1 -> 7118 | I61: =R61 -> 7118 | J61: Used | K61: Im_kWh_RateC | L61: 59 | M61: float | N61: AI | O61: 0.001 | P61: 0 | Q61: Im_kWh_RateC | R61: 7118 | S61: 3 | T61: FLOAT | U61: =AD61 -> 7118 | V61: Used | W61: Im_kWh_RateC | X61: 59 | Y61: float | Z61: AI | AA61: 0.001 | AB61: 0 | AC61: Im_kWh_RateC | AD61: 7118 | AE61: 3 | AF61: FLOAT
A62: =VLOOKUP(G62,$U$2:$AF$93,2,0) -> 0 | B62: =VLOOKUP(G62,$U$2:$AF$93,2,0) -> 0 | C62: =VLOOKUP(G62,$I$2:$T$93,2,0) -> 0 | D62: 7121 | E62: 00001200 | F62: Im Max kW A | G62: =D62-1 -> 7120 | I62: =R62 -> 7120 | K62: Im_Max_kW_A | L62: 60 | M62: float | N62: AI | O62: 0.001 | P62: 0 | Q62: Im_Max_kW_A | R62: 7120 | S62: 3 | T62: FLOAT | U62: =AD62 -> 7120 | W62: Im_Max_kW_A | X62: 60 | Y62: float | Z62: AI | AA62: 0.001 | AB62: 0 | AC62: Im_Max_kW_A | AD62: 7120 | AE62: 3 | AF62: FLOAT
A63: =VLOOKUP(G63,$U$2:$AF$93,2,0) -> 0 | B63: =VLOOKUP(G63,$U$2:$AF$93,2,0) -> 0 | C63: =VLOOKUP(G63,$I$2:$T$93,2,0) -> 0 | D63: 7123 | E63: 00001201 | F63: Im Max kW B | G63: =D63-1 -> 7122 | I63: =R63 -> 7122 | K63: Im_Max_kW_B | L63: 61 | M63: float | N63: AI | O63: 0.001 | P63: 0 | Q63: Im_Max_kW_B | R63: 7122 | S63: 3 | T63: FLOAT | U63: =AD63 -> 7122 | W63: Im_Max_kW_B | X63: 61 | Y63: float | Z63: AI | AA63: 0.001 | AB63: 0 | AC63: Im_Max_kW_B | AD63: 7122 | AE63: 3 | AF63: FLOAT
A64: =VLOOKUP(G64,$U$2:$AF$93,2,0) -> 0 | B64: =VLOOKUP(G64,$U$2:$AF$93,2,0) -> 0 | C64: =VLOOKUP(G64,$I$2:$T$93,2,0) -> 0 | D64: 7125 | E64: 00001202 | F64: Im Max kW C | G64: =D64-1 -> 7124 | I64: =R64 -> 7124 | K64: Im_Max_kW_C | L64: 62 | M64: float | N64: AI | O64: 0.001 | P64: 0 | Q64: Im_Max_kW_C | R64: 7124 | S64: 3 | T64: FLOAT | U64: =AD64 -> 7124 | W64: Im_Max_kW_C | X64: 62 | Y64: float | Z64: AI | AA64: 0.001 | AB64: 0 | AC64: Im_Max_kW_C | AD64: 7124 | AE64: 3 | AF64: FLOAT
A65: =VLOOKUP(G65,$U$2:$AF$93,2,0) -> Used | B65: =VLOOKUP(G65,$U$2:$AF$93,2,0) -> Used | C65: =VLOOKUP(G65,$I$2:$T$93,2,0) -> Used | D65: 7127 | E65: 00000369 | F65: Im Total kVArh | G65: =D65-1 -> 7126 | I65: =R65 -> 7126 | J65: Used | K65: Im_Total_kVArh | L65: 63 | M65: float | N65: AI | O65: 0.001 | P65: 0 | Q65: Im_Total_kVArh | R65: 7126 | S65: 3 | T65: FLOAT | U65: =AD65 -> 7126 | V65: Used | W65: Im_Total_kVArh | X65: 63 | Y65: float | Z65: AI | AA65: 0.001 | AB65: 0 | AC65: Im_Total_kVArh | AD65: 7126 | AE65: 3 | AF65: FLOAT
A66: =VLOOKUP(G66,$U$2:$AF$93,2,0) -> 0 | B66: =VLOOKUP(G66,$U$2:$AF$93,2,0) -> 0 | C66: =VLOOKUP(G66,$I$2:$T$93,2,0) -> 0 | D66: 7129 | E66: 00000360 | F66: Im kVArh A | G66: =D66-1 -> 7128 | I66: =R66 -> 7128 | K66: Im_kVArh_RateA | L66: 64 | M66: float | N66: AI | O66: 0.001 | P66: 0 | Q66: Im_kVArh_RateA | R66: 7128 | S66: 3 | T66: FLOAT | U66: =AD66 -> 7128 | W66: Im_kVArh_RateA | X66: 64 | Y66: float | Z66: AI | AA66: 0.001 | AB66: 0 | AC66: Im_kVArh_RateA | AD66: 7128 | AE66: 3 | AF66: FLOAT
A67: =VLOOKUP(G67,$U$2:$AF$93,2,0) -> 0 | B67: =VLOOKUP(G67,$U$2:$AF$93,2,0) -> 0 | C67: =VLOOKUP(G67,$I$2:$T$93,2,0) -> 0 | D67: 7131 | E67: 00000361 | F67: Im kVArh B | G67: =D67-1 -> 7130 | I67: =R67 -> 7130 | K67: Im_kVArh_RateB | L67: 65 | M67: float | N67: AI | O67: 0.001 | P67: 0 | Q67: Im_kVArh_RateB | R67: 7130 | S67: 3 | T67: FLOAT | U67: =AD67 -> 7130 | W67: Im_kVArh_RateB | X67: 65 | Y67: float | Z67: AI | AA67: 0.001 | AB67: 0 | AC67: Im_kVArh_RateB | AD67: 7130 | AE67: 3 | AF67: FLOAT
A68: =VLOOKUP(G68,$U$2:$AF$93,2,0) -> 0 | B68: =VLOOKUP(G68,$U$2:$AF$93,2,0) -> 0 | C68: =VLOOKUP(G68,$I$2:$T$93,2,0) -> 0 | D68: 7133 | E68: 00000362 | F68: Im kVArh C | G68: =D68-1 -> 7132 | I68: =R68 -> 7132 | K68: Im_kVArh_RateC | L68: 66 | M68: float | N68: AI | O68: 0.001 | P68: 0 | Q68: Im_kVArh_RateC | R68: 7132 | S68: 3 | T68: FLOAT | U68: =AD68 -> 7132 | W68: Im_kVArh_RateC | X68: 66 | Y68: float | Z68: AI | AA68: 0.001 | AB68: 0 | AC68: Im_kVArh_RateC | AD68: 7132 | AE68: 3 | AF68: FLOAT
A69: =VLOOKUP(G69,$U$2:$AF$93,2,0) -> 0 | B69: =VLOOKUP(G69,$U$2:$AF$93,2,0) -> 0 | C69: =VLOOKUP(G69,$I$2:$T$93,2,0) -> 0 | D69: 7135 | E69: 00001300 | F69: Im Max kVArh A | G69: =D69-1 -> 7134 | I69: =R69 -> 7134 | K69: Im_Max_kVAr_A | L69: 67 | M69: float | N69: AI | O69: 0.001 | P69: 0 | Q69: Im_Max_kVAr_A | R69: 7134 | S69: 3 | T69: FLOAT | U69: =AD69 -> 7134 | W69: Im_Max_kVAr_A | X69: 67 | Y69: float | Z69: AI | AA69: 0.001 | AB69: 0 | AC69: Im_Max_kVAr_A | AD69: 7134 | AE69: 3 | AF69: FLOAT
A70: =VLOOKUP(G70,$U$2:$AF$93,2,0) -> 0 | B70: =VLOOKUP(G70,$U$2:$AF$93,2,0) -> 0 | C70: =VLOOKUP(G70,$I$2:$T$93,2,0) -> 0 | D70: 7137 | E70: 00001301 | F70: Im Max kVArh B | G70: =D70-1 -> 7136 | I70: =R70 -> 7136 | K70: Im_Max_kVAr_B | L70: 68 | M70: float | N70: AI | O70: 0.001 | P70: 0 | Q70: Im_Max_kVAr_B | R70: 7136 | S70: 3 | T70: FLOAT | U70: =AD70 -> 7136 | W70: Im_Max_kVAr_B | X70: 68 | Y70: float | Z70: AI | AA70: 0.001 | AB70: 0 | AC70: Im_Max_kVAr_B | AD70: 7136 | AE70: 3 | AF70: FLOAT
A71: =VLOOKUP(G71,$U$2:$AF$93,2,0) -> 0 | B71: =VLOOKUP(G71,$U$2:$AF$93,2,0) -> 0 | C71: =VLOOKUP(G71,$I$2:$T$93,2,0) -> 0 | D71: 7139 | E71: 00001302 | F71: Im Max kVArh C | G71: =D71-1 -> 7138 | I71: =R71 -> 7138 | K71: Im_Max_kVAr_C | L71: 69 | M71: float | N71: AI | O71: 0.001 | P71: 0 | Q71: Im_Max_kVAr_C | R71: 7138 | S71: 3 | T71: FLOAT | U71: =AD71 -> 7138 | W71: Im_Max_kVAr_C | X71: 69 | Y71: float | Z71: AI | AA71: 0.001 | AB71: 0 | AC71: Im_Max_kVAr_C | AD71: 7138 | AE71: 3 | AF71: FLOAT
A72: =VLOOKUP(G72,$U$2:$AF$93,2,0) -> 0 | B72: =VLOOKUP(G72,$U$2:$AF$93,2,0) -> 0 | C72: =VLOOKUP(G72,$I$2:$T$93,2,0) -> 0 | D72: 7141 | E72: 00000340 | F72: Im kVArh-CumA | G72: =D72-1 -> 7140 | I72: =R72 -> 7140 | K72: Im_kVAr_Cum_A | L72: 70 | M72: float | N72: AI | O72: 0.001 | P72: 0 | Q72: Im_kVAr_Cum_A | R72: 7140 | S72: 3 | T72: FLOAT | U72: =AD72 -> 7140 | W72: Im_kVAr_Cum_A | X72: 70 | Y72: float | Z72: AI | AA72: 0.001 | AB72: 0 | AC72: Im_kVAr_Cum_A | AD72: 7140 | AE72: 3 | AF72: FLOAT
A73: =VLOOKUP(G73,$U$2:$AF$93,2,0) -> 0 | B73: =VLOOKUP(G73,$U$2:$AF$93,2,0) -> 0 | C73: =VLOOKUP(G73,$I$2:$T$93,2,0) -> 0 | D73: 7143 | E73: 00000341 | F73: Im kVArh-CumB | G73: =D73-1 -> 7142 | I73: =R73 -> 7142 | K73: Im_kVAr_Cum_B | L73: 71 | M73: float | N73: AI | O73: 0.001 | P73: 0 | Q73: Im_kVAr_Cum_B | R73: 7142 | S73: 3 | T73: FLOAT | U73: =AD73 -> 7142 | W73: Im_kVAr_Cum_B | X73: 71 | Y73: float | Z73: AI | AA73: 0.001 | AB73: 0 | AC73: Im_kVAr_Cum_B | AD73: 7142 | AE73: 3 | AF73: FLOAT
A74: =VLOOKUP(G74,$U$2:$AF$93,2,0) -> 0 | B74: =VLOOKUP(G74,$U$2:$AF$93,2,0) -> 0 | C74: =VLOOKUP(G74,$I$2:$T$93,2,0) -> 0 | D74: 7145 | E74: 00000342 | F74: Im kVArh-CumC | G74: =D74-1 -> 7144 | I74: =R74 -> 7144 | K74: Im_kVAr_Cum_C | L74: 72 | M74: float | N74: AI | O74: 0.001 | P74: 0 | Q74: Im_kVAr_Cum_C | R74: 7144 | S74: 3 | T74: FLOAT | U74: =AD74 -> 7144 | W74: Im_kVAr_Cum_C | X74: 72 | Y74: float | Z74: AI | AA74: 0.001 | AB74: 0 | AC74: Im_kVAr_Cum_C | AD74: 7144 | AE74: 3 | AF74: FLOAT
A75: =VLOOKUP(G75,$U$2:$AF$93,2,0) -> 0 | B75: =VLOOKUP(G75,$U$2:$AF$93,2,0) -> 0 | C75: =VLOOKUP(G75,$I$2:$T$93,2,0) -> 0 | D75: 7147 | E75: 00000249 | F75: Im BT Total kWh | G75: =D75-1 -> 7146 | I75: =R75 -> 7146 | K75: Im_BT_Total_kWh | L75: 73 | M75: float | N75: AI | O75: 0.001 | P75: 0 | Q75: Im_BT_Total_kWh | R75: 7146 | S75: 3 | T75: FLOAT | U75: =AD75 -> 7146 | W75: Im_BT_Total_kWh | X75: 73 | Y75: float | Z75: AI | AA75: 0.001 | AB75: 0 | AC75: Im_BT_Total_kWh | AD75: 7146 | AE75: 3 | AF75: FLOAT
A76: =VLOOKUP(G76,$U$2:$AF$93,2,0) -> 0 | B76: =VLOOKUP(G76,$U$2:$AF$93,2,0) -> 0 | C76: =VLOOKUP(G76,$I$2:$T$93,2,0) -> 0 | D76: 7149 | E76: 00000240 | F76: Im BT kWh A | G76: =D76-1 -> 7148 | I76: =R76 -> 7148 | K76: Im_BT_kWhA | L76: 74 | M76: float | N76: AI | O76: 0.001 | P76: 0 | Q76: Im_BT_kWhA | R76: 7148 | S76: 3 | T76: FLOAT | U76: =AD76 -> 7148 | W76: Im_BT_kWhA | X76: 74 | Y76: float | Z76: AI | AA76: 0.001 | AB76: 0 | AC76: Im_BT_kWhA | AD76: 7148 | AE76: 3 | AF76: FLOAT
A77: =VLOOKUP(G77,$U$2:$AF$93,2,0) -> 0 | B77: =VLOOKUP(G77,$U$2:$AF$93,2,0) -> 0 | C77: =VLOOKUP(G77,$I$2:$T$93,2,0) -> 0 | D77: 7151 | E77: 00000241 | F77: Im BT kWh B | G77: =D77-1 -> 7150 | I77: =R77 -> 7150 | K77: Im_BT_kWhB | L77: 75 | M77: float | N77: AI | O77: 0.001 | P77: 0 | Q77: Im_BT_kWhB | R77: 7150 | S77: 3 | T77: FLOAT | U77: =AD77 -> 7150 | W77: Im_BT_kWhB | X77: 75 | Y77: float | Z77: AI | AA77: 0.001 | AB77: 0 | AC77: Im_BT_kWhB | AD77: 7150 | AE77: 3 | AF77: FLOAT
... A87: =VLOOKUP(G87,$U$2:$AF$93,2,0) -> 0 | B87: =VLOOKUP(G87,$U$2:$AF$93,2,0) -> 0 | C87: =VLOOKUP(G87,$I$2:$T$93,2,0) -> 0 | D87: 7171 | E87: 00000369 | F87: Im kVAr-Cum | G87: =D87-1 -> 7170 | I87: =R87 -> 7170 | K87: Im_kVAr_Cum | L87: 85 | M87: float | N87: AI | O87: 0.001 | P87: 0 | Q87: Im_kVAr_Cum | R87: 7170 | S87: 3 | T87: FLOAT | U87: =AD87 -> 7170 | W87: Im_kVAr_Cum | X87: 85 | Y87: float | Z87: AI | AA87: 0.001 | AB87: 0 | AC87: Im_kVAr_Cum | AD87: 7170 | AE87: 3 | AF87: FLOAT
A88: =VLOOKUP(G88,$U$2:$AF$93,2,0) -> #N/A | B88: =VLOOKUP(G88,$U$2:$AF$93,2,0) -> #N/A | C88: =VLOOKUP(G88,$I$2:$T$93,2,0) -> #N/A | D88: 7173 | E88: 00000269 | F88: Im Total kWh | G88: =D88-1 -> 7172 | I88: =R88 -> 7052 | J88: Used | K88: Peak Active power A | L88: 86 | M88: float | N88: AI | O88: 0.001 | P88: 0 | Q88: Peak Active power A | R88: 7052 | S88: 3 | T88: FLOAT | U88: =AD88 -> 7052 | V88: Used | W88: Peak Active power A | X88: 86 | Y88: float | Z88: AI | AA88: 0.001 | AB88: 0 | AC88: Peak Active power A | AD88: 7052 | AE88: 3 | AF88: FLOAT
A89: =VLOOKUP(G89,$U$2:$AF$93,2,0) -> Used | B89: =VLOOKUP(G89,$U$2:$AF$93,2,0) -> Used | C89: =VLOOKUP(G89,$I$2:$T$93,2,0) -> Used | D89: 7175 | E89: 00001129 | F89: Ex PV KVarh | G89: =D89-1 -> 7174 | I89: =R89 -> 7054 | J89: Used | K89: Peak Active power B | L89: 87 | M89: float | N89: AI | O89: 0.001 | P89: 0 | Q89: Peak Active power B | R89: 7054 | S89: 3 | T89: FLOAT | U89: =AD89 -> 7054 | V89: Used | W89: Peak Active power B | X89: 87 | Y89: float | Z89: AI | AA89: 0.001 | AB89: 0 | AC89: Peak Active power B | AD89: 7054 | AE89: 3 | AF89: FLOAT
A90: =VLOOKUP(G90,$U$2:$AF$93,2,0) -> #N/A | B90: =VLOOKUP(G90,$U$2:$AF$93,2,0) -> #N/A | C90: =VLOOKUP(G90,$I$2:$T$93,2,0) -> #N/A | D90: 7177 | E90: 00008129 | F90: Ex PV KVarh Tim | G90: =D90-1 -> 7176 | I90: =R90 -> 7056 | J90: Used | K90: Peak Active power C | L90: 88 | M90: float | N90: AI | O90: 0.001 | P90: 0 | Q90: Peak Active power C | R90: 7056 | S90: 3 | T90: FLOAT | U90: =AD90 -> 7056 | V90: Used | W90: Peak Active power C | X90: 88 | Y90: float | Z90: AI | AA90: 0.001 | AB90: 0 | AC90: Peak Active power C | AD90: 7056 | AE90: 3 | AF90: FLOAT
A91: =VLOOKUP(G91,$U$2:$AF$93,2,0) -> Used | B91: =VLOOKUP(G91,$U$2:$AF$93,2,0) -> Used | C91: =VLOOKUP(G91,$I$2:$T$93,2,0) -> Used | D91: 7181 | E91: 00001149 | F91: Ex Total kVAr | G91: =D91-1 -> 7180 | I91: =R91 -> 7174 | J91: Used | K91: Peak Reactive Power | L91: 89 | M91: float | N91: AI | O91: 0.001 | P91: 0 | Q91: Peak Reactive Power | R91: 7174 | S91: 3 | T91: FLOAT | U91: =AD91 -> 7174 | V91: Used | W91: Peak Reactive Power | X91: 89 | Y91: float | Z91: AI | AA91: 0.001 | AB91: 0 | AC91: Peak Reactive Power | AD91: 7174 | AE91: 3 | AF91: FLOAT
A92: =VLOOKUP(G92,$U$2:$AF$93,2,0) -> Used | B92: =VLOOKUP(G92,$U$2:$AF$93,2,0) -> Used | C92: =VLOOKUP(G92,$I$2:$T$93,2,0) -> Used | D92: 7183 | E92: 0000F032 | F92: NB Reset | G92: =D92-1 -> 7182 | I92: =R92 -> 7180 | J92: Used | K92: Ex_Total_kVAr | L92: 90 | M92: float | N92: AI | O92: 0.001 | P92: 0 | Q92: Ex_Total_kVAr | R92: 7180 | S92: 3 | T92: FLOAT | U92: =AD92 -> 7180 | V92: Used | W92: Ex_Total_kVAr | X92: 90 | Y92: float | Z92: AI | AA92: 0.001 | AB92: 0 | AC92: Ex_Total_kVAr | AD92: 7180 | AE92: 3 | AF92: FLOAT
A93: =VLOOKUP(G93,$U$2:$AF$93,2,0) -> #N/A | B93: =VLOOKUP(G93,$U$2:$AF$93,2,0) -> #N/A | C93: =VLOOKUP(G93,$I$2:$T$93,2,0) -> #N/A | D93: 7185 | E93: 00008020 | F93: Ex PV kW A Time | G93: =D93-1 -> 7184 | I93: =R93 -> 7182 | J93: Used | K93: No_of_Reset | L93: 91 | M93: float | N93: AI | O93: 1 | P93: 0 | Q93: No_of_Reset | R93: 7182 | S93: 3 | T93: SHORT | U93: =AD93 -> 7182 | V93: Used | W93: No_of_Reset | X93: 91 | Y93: float | Z93: AI | AA93: 1 | AB93: 0 | AC93: No_of_Reset | AD93: 7182 | AE93: 3 | AF93: SHORT
A94: =VLOOKUP(G94,$U$2:$AF$93,2,0) -> #N/A | B94: =VLOOKUP(G94,$U$2:$AF$93,2,0) -> #N/A | C94: =VLOOKUP(G94,$I$2:$T$93,2,0) -> #N/A | D94: 7189 | E94: 00008021 | F94: Ex PV kW B Time | G94: =D94-1 -> 7188
A95: =VLOOKUP(G95,$U$2:$AF$93,2,0) -> #N/A | B95: =VLOOKUP(G95,$U$2:$AF$93,2,0) -> #N/A | C95: =VLOOKUP(G95,$I$2:$T$93,2,0) -> #N/A | D95: 7193 | E95: 00008022 | F95: Ex PV kW C Time | G95: =D95-1 -> 7192
A96: =VLOOKUP(G96,$U$2:$AF$93,2,0) -> #N/A | B96: =VLOOKUP(G96,$U$2:$AF$93,2,0) -> #N/A | C96: =VLOOKUP(G96,$I$2:$T$93,2,0) -> #N/A | D96: 7197 | E96: 0000FC00 | F96: DT of Reset | G96: =D96-1 -> 7196
A97: =VLOOKUP(G97,$U$2:$AF$93,2,0) -> #N/A | B97: =VLOOKUP(G97,$U$2:$AF$93,2,0) -> #N/A | C97: =VLOOKUP(G97,$I$2:$T$93,2,0) -> #N/A | D97: 7201 | E97: 0000F002 | F97: Serial No | G97: =D97-1 -> 7200

Sheet VISTEC12
A1: VT1 | B1: VT2 | C1: KVIS | E1: MODBUS VISTEC1&2&KVIS | L1: ENOS KVIS | X1: ENOS VISTEC
A2: =IF(VLOOKUP($H2,$V$2:$AG$93,2,0)="Used",VLOOKUP($H2,$V$2:$AG$93,3,0)) -> Inst_kW | B2: =IF(VLOOKUP($H2,$V$2:$AG$93,2,0)="Used",VLOOKUP($H2,$V$2:$AG$93,3,0)) -> Inst_kW | C2: =IF(VLOOKUP($H2,$V$2:$AG$93,2,0)="Used",VLOOKUP($H2,$V$2:$AG$93,3,0)) -> Inst_kW | D2: =IF(VLOOKUP($H2,$V$2:$AG$93,2,0)="Used",VLOOKUP($H2,$V$2:$AG$93,4,0)) -> 0 | E2: 7001 | F2: 0000E033 | G2: Inst kW | H2: =E2-1 -> 7000 | J2: =S2 -> 7000 | K2: Used | L2: Inst_kW | M2: 0 | N2: float | O2: AI | P2: 0.001 | Q2: 0 | R2: Inst_kW | S2: 7000 | T2: 3 | U2: FLOAT | V2: =AE2 -> 7000 | W2: Used | X2: Inst_kW | Y2: 0 | Z2: float | AA2: AI | AB2: 0.001 | AC2: 0 | AD2: Inst_kW | AE2: 7000 | AF2: 3 | AG2: FLOAT
A3: =IF(VLOOKUP($H3,$V$2:$AG$93,2,0)="Used",VLOOKUP($H3,$V$2:$AG$93,3,0)) -> Inst_kVAr | B3: =IF(VLOOKUP($H3,$V$2:$AG$93,2,0)="Used",VLOOKUP($H3,$V$2:$AG$93,3,0)) -> Inst_kVAr | C3: =IF(VLOOKUP($H3,$V$2:$AG$93,2,0)="Used",VLOOKUP($H3,$V$2:$AG$93,3,0)) -> Inst_kVAr | D3: =IF(VLOOKUP($H3,$V$2:$AG$93,2,0)="Used",VLOOKUP($H3,$V$2:$AG$93,4,0)) -> 1 | E3: 7003 | F3: 0000E043 | G3: Inst kVAr | H3: =E3-1 -> 7002 | J3: =S3 -> 7002 | K3: Used | L3: Inst_kVAr | M3: 1 | N3: float | O3: AI | P3: 0.001 | Q3: 0 | R3: Inst_kVAr | S3: 7002 | T3: 3 | U3: FLOAT | V3: =AE3 -> 7002 | W3: Used | X3: Inst_kVAr | Y3: 1 | Z3: float | AA3: AI | AB3: 0.001 | AC3: 0 | AD3: Inst_kVAr | AE3: 7002 | AF3: 3 | AG3: FLOAT
A4: =IF(VLOOKUP($H4,$V$2:$AG$93,2,0)="Used",VLOOKUP($H4,$V$2:$AG$93,3,0)) -> Ex_Total_kWh | B4: =IF(VLOOKUP($H4,$V$2:$AG$93,2,0)="Used",VLOOKUP($H4,$V$2:$AG$93,3,0)) -> Ex_Total_kWh | C4: =IF(VLOOKUP($H4,$V$2:$AG$93,2,0)="Used",VLOOKUP($H4,$V$2:$AG$93,3,0)) -> Ex_Total_kWh | D4: =IF(VLOOKUP($H4,$V$2:$AG$93,2,0)="Used",VLOOKUP($H4,$V$2:$AG$93,4,0)) -> 2 | E4: 7005 | F4: 00000069 | G4: Ex Total kWh | H4: =E4-1 -> 7004 | J4: =S4 -> 7004 | K4: Used | L4: Ex_Total_kWh | M4: 2 | N4: float | O4: AI | P4: 0.001 | Q4: 0 | R4: Ex_Total_kWh | S4: 7004 | T4: 3 | U4: FLOAT | V4: =AE4 -> 7004 | W4: Used | X4: Ex_Total_kWh | Y4: 2 | Z4: float | AA4: AI | AB4: 0.001 | AC4: 0 | AD4: Ex_Total_kWh | AE4: 7004 | AF4: 3 | AG4: FLOAT
A5: =IF(VLOOKUP($H5,$V$2:$AG$93,2,0)="Used",VLOOKUP($H5,$V$2:$AG$93,3,0)) -> Ex_kWh_RateA | B5: =IF(VLOOKUP($H5,$V$2:$AG$93,2,0)="Used",VLOOKUP($H5,$V$2:$AG$93,3,0)) -> Ex_kWh_RateA | C5: =IF(VLOOKUP($H5,$V$2:$AG$93,2,0)="Used",VLOOKUP($H5,$V$2:$AG$93,3,0)) -> Ex_kWh_RateA | D5: =IF(VLOOKUP($H5,$V$2:$AG$93,2,0)="Used",VLOOKUP($H5,$V$2:$AG$93,4,0)) -> 3 | E5: 7007 | F5: 00000000 | G5: Ex kWh RateA | H5: =E5-1 -> 7006 | J5: =S5 -> 7006 | K5: Used | L5: Ex_kWh_RateA | M5: 3 | N5: float | O5: AI | P5: 0.001 | Q5: 0 | R5: Ex_kWh_RateA | S5: 7006 | T5: 3 | U5: FLOAT | V5: =AE5 -> 7006 | W5: Used | X5: Ex_kWh_RateA | Y5: 3 | Z5: float | AA5: AI | AB5: 0.001 | AC5: 0 | AD5: Ex_kWh_RateA | AE5: 7006 | AF5: 3 | AG5: FLOAT
A6: =IF(VLOOKUP($H6,$V$2:$AG$93,2,0)="Used",VLOOKUP($H6,$V$2:$AG$93,3,0)) -> Ex_kWh_RateB | B6: =IF(VLOOKUP($H6,$V$2:$AG$93,2,0)="Used",VLOOKUP($H6,$V$2:$AG$93,3,0)) -> Ex_kWh_RateB | C6: =IF(VLOOKUP($H6,$V$2:$AG$93,2,0)="Used",VLOOKUP($H6,$V$2:$AG$93,3,0)) -> Ex_kWh_RateB | D6: =IF(VLOOKUP($H6,$V$2:$AG$93,2,0)="Used",VLOOKUP($H6,$V$2:$AG$93,4,0)) -> 4 | E6: 7009 | F6: 00000001 | G6: Ex kWh RateB | H6: =E6-1 -> 7008 | J6: =S6 -> 7008 | K6: Used | L6: Ex_kWh_RateB | M6: 4 | N6: float | O6: AI | P6: 0.001 | Q6: 0 | R6: Ex_kWh_RateB | S6: 7008 | T6: 3 | U6: FLOAT | V6: =AE6 -> 7008 | W6: Used | X6: Ex_kWh_RateB | Y6: 4 | Z6: float | AA6: AI | AB6: 0.001 | AC6: 0 | AD6: Ex_kWh_RateB | AE6: 7008 | AF6: 3 | AG6: FLOAT
A7: =IF(VLOOKUP($H7,$V$2:$AG$93,2,0)="Used",VLOOKUP($H7,$V$2:$AG$93,3,0)) -> Ex_kWh_RateC | B7: =IF(VLOOKUP($H7,$V$2:$AG$93,2,0)="Used",VLOOKUP($H7,$V$2:$AG$93,3,0)) -> Ex_kWh_RateC | C7: =IF(VLOOKUP($H7,$V$2:$AG$93,2,0)="Used",VLOOKUP($H7,$V$2:$AG$93,3,0)) -> Ex_kWh_RateC | D7: =IF(VLOOKUP($H7,$V$2:$AG$93,2,0)="Used",VLOOKUP($H7,$V$2:$AG$93,4,0)) -> 5 | E7: 7011 | F7: 00000002 | G7: Ex kWh RateC | H7: =E7-1 -> 7010 | J7: =S7 -> 7010 | K7: Used | L7: Ex_kWh_RateC | M7: 5 | N7: float | O7: AI | P7: 0.001 | Q7: 0 | R7: Ex_kWh_RateC | S7: 7010 | T7: 3 | U7: FLOAT | V7: =AE7 -> 7010 | W7: Used | X7: Ex_kWh_RateC | Y7: 5 | Z7: float | AA7: AI | AB7: 0.001 | AC7: 0 | AD7: Ex_kWh_RateC | AE7: 7010 | AF7: 3 | AG7: FLOAT
A8: =IF(VLOOKUP($H8,$V$2:$AG$93,2,0)="Used",VLOOKUP($H8,$V$2:$AG$93,3,0)) -> FALSE | B8: =IF(VLOOKUP($H8,$V$2:$AG$93,2,0)="Used",VLOOKUP($H8,$V$2:$AG$93,3,0)) -> FALSE | C8: =IF(VLOOKUP($H8,$V$2:$AG$93,2,0)="Used",VLOOKUP($H8,$V$2:$AG$93,3,0)) -> FALSE | D8: =IF(VLOOKUP($H8,$V$2:$AG$93,2,0)="Used",VLOOKUP($H8,$V$2:$AG$93,4,0)) -> FALSE | E8: 7013 | F8: 00001000 | G8: Ex Max kW A | H8: =E8-1 -> 7012 | J8: =S8 -> 7012 | L8: Ex_Max_kW_A | M8: 6 | N8: float | O8: AI | P8: 0.001 | Q8: 0 | R8: Ex_Max_kW_A | S8: 7012 | T8: 3 | U8: FLOAT | V8: =AE8 -> 7012 | X8: Ex_Max_kW_A | Y8: 6 | Z8: float | AA8: AI | AB8: 0.001 | AC8: 0 | AD8: Ex_Max_kW_A | AE8: 7012 | AF8: 3 | AG8: FLOAT
A9: =IF(VLOOKUP($H9,$V$2:$AG$93,2,0)="Used",VLOOKUP($H9,$V$2:$AG$93,3,0)) -> FALSE | B9: =IF(VLOOKUP($H9,$V$2:$AG$93,2,0)="Used",VLOOKUP($H9,$V$2:$AG$93,3,0)) -> FALSE | C9: =IF(VLOOKUP($H9,$V$2:$AG$93,2,0)="Used",VLOOKUP($H9,$V$2:$AG$93,3,0)) -> FALSE | D9: =IF(VLOOKUP($H9,$V$2:$AG$93,2,0)="Used",VLOOKUP($H9,$V$2:$AG$93,4,0)) -> FALSE | E9: 7015 | F9: 00001001 | G9: Ex Max kW B | H9: =E9-1 -> 7014 | J9: =S9 -> 7014 | L9: Ex_Max_kW_B | M9: 7 | N9: float | O9: AI | P9: 0.001 | Q9: 0 | R9: Ex_Max_kW_B | S9: 7014 | T9: 3 | U9: FLOAT | V9: =AE9 -> 7014 | X9: Ex_Max_kW_B | Y9: 7 | Z9: float | AA9: AI | AB9: 0.001 | AC9: 0 | AD9: Ex_Max_kW_B | AE9: 7014 | AF9: 3 | AG9: FLOAT
A10: =IF(VLOOKUP($H10,$V$2:$AG$93,2,0)="Used",VLOOKUP($H10,$V$2:$AG$93,3,0)) -> FALSE | B10: =IF(VLOOKUP($H10,$V$2:$AG$93,2,0)="Used",VLOOKUP($H10,$V$2:$AG$93,3,0)) -> FALSE | C10: =IF(VLOOKUP($H10,$V$2:$AG$93,2,0)="Used",VLOOKUP($H10,$V$2:$AG$93,3,0)) -> FALSE | D10: =IF(VLOOKUP($H10,$V$2:$AG$93,2,0)="Used",VLOOKUP($H10,$V$2:$AG$93,4,0)) -> FALSE | E10: 7017 | F10: 00001002 | G10: Ex Max kW C | H10: =E10-1 -> 7016 | J10: =S10 -> 7016 | L10: Ex_Max_kW_C | M10: 8 | N10: float | O10: AI | P10: 0.001 | Q10: 0 | R10: Ex_Max_kW_C | S10: 7016 | T10: 3 | U10: FLOAT | V10: =AE10 -> 7016 | X10: Ex_Max_kW_C | Y10: 8 | Z10: float | AA10: AI | AB10: 0.001 | AC10: 0 | AD10: Ex_Max_kW_C | AE10: 7016 | AF10: 3 | AG10: FLOAT
A11: =IF(VLOOKUP($H11,$V$2:$AG$93,2,0)="Used",VLOOKUP($H11,$V$2:$AG$93,3,0)) -> FALSE | B11: =IF(VLOOKUP($H11,$V$2:$AG$93,2,0)="Used",VLOOKUP($H11,$V$2:$AG$93,3,0)) -> FALSE | C11: =IF(VLOOKUP($H11,$V$2:$AG$93,2,0)="Used",VLOOKUP($H11,$V$2:$AG$93,3,0)) -> FALSE | D11: =IF(VLOOKUP($H11,$V$2:$AG$93,2,0)="Used",VLOOKUP($H11,$V$2:$AG$93,4,0)) -> FALSE | E11: 7019 | F11: 00001040 | G11: Ex kW-Cum A | H11: =E11-1 -> 7018 | J11: =S11 -> 7018 | L11: Ex_kW_Cum_A | M11: 9 | N11: float | O11: AI | P11: 0.001 | Q11: 0 | R11: Ex_kW_Cum_A | S11: 7018 | T11: 3 | U11: FLOAT | V11: =AE11 -> 7018 | X11: Ex_kW_Cum_A | Y11: 9 | Z11: float | AA11: AI | AB11: 0.001 | AC11: 0 | AD11: Ex_kW_Cum_A | AE11: 7018 | AF11: 3 | AG11: FLOAT
A12: =IF(VLOOKUP($H12,$V$2:$AG$93,2,0)="Used",VLOOKUP($H12,$V$2:$AG$93,3,0)) -> FALSE | B12: =IF(VLOOKUP($H12,$V$2:$AG$93,2,0)="Used",VLOOKUP($H12,$V$2:$AG$93,3,0)) -> FALSE | C12: =IF(VLOOKUP($H12,$V$2:$AG$93,2,0)="Used",VLOOKUP($H12,$V$2:$AG$93,3,0)) -> FALSE | D12: =IF(VLOOKUP($H12,$V$2:$AG$93,2,0)="Used",VLOOKUP($H12,$V$2:$AG$93,4,0)) -> FALSE | E12: 7021 | F12: 00001041 | G12: Ex kW-Cum B | H12: =E12-1 -> 7020 | J12: =S12 -> 7020 | L12: Ex_kW_Cum_B | M12: 10 | N12: float | O12: AI | P12: 0.001 | Q12: 0 | R12: Ex_kW_Cum_B | S12: 7020 | T12: 3 | U12: FLOAT | V12: =AE12 -> 7020 | X12: Ex_kW_Cum_B | Y12: 10 | Z12: float | AA12: AI | AB12: 0.001 | AC12: 0 | AD12: Ex_kW_Cum_B | AE12: 7020 | AF12: 3 | AG12: FLOAT
A13: =IF(VLOOKUP($H13,$V$2:$AG$93,2,0)="Used",VLOOKUP($H13,$V$2:$AG$93,3,0)) -> FALSE | B13: =IF(VLOOKUP($H13,$V$2:$AG$93,2,0)="Used",VLOOKUP($H13,$V$2:$AG$93,3,0)) -> FALSE | C13: =IF(VLOOKUP($H13,$V$2:$AG$93,2,0)="Used",VLOOKUP($H13,$V$2:$AG$93,3,0)) -> FALSE | D13: =IF(VLOOKUP($H13,$V$2:$AG$93,2,0)="Used",VLOOKUP($H13,$V$2:$AG$93,4,0)) -> FALSE | E13: 7023 | F13: 00001042 | G13: Ex kW-Cum C | H13: =E13-1 -> 7022 | J13: =S13 -> 7022 | L13: Ex_kW_Cum_C | M13: 11 | N13: float | O13: AI | P13: 0.001 | Q13: 0 | R13: Ex_kW_Cum_C | S13: 7022 | T13: 3 | U13: FLOAT | V13: =AE13 -> 7022 | X13: Ex_kW_Cum_C | Y13: 11 | Z13: float | AA13: AI | AB13: 0.001 | AC13: 0 | AD13: Ex_kW_Cum_C | AE13: 7022 | AF13: 3 | AG13: FLOAT
A14: =IF(VLOOKUP($H14,$V$2:$AG$93,2,0)="Used",VLOOKUP($H14,$V$2:$AG$93,3,0)) -> Ex_Total_kVArh | B14: =IF(VLOOKUP($H14,$V$2:$AG$93,2,0)="Used",VLOOKUP($H14,$V$2:$AG$93,3,0)) -> Ex_Total_kVArh | C14: =IF(VLOOKUP($H14,$V$2:$AG$93,2,0)="Used",VLOOKUP($H14,$V$2:$AG$93,3,0)) -> Ex_Total_kVArh | D14: =IF(VLOOKUP($H14,$V$2:$AG$93,2,0)="Used",VLOOKUP($H14,$V$2:$AG$93,4,0)) -> 12 | E14: 7025 | F14: 00000169 | G14: Ex Total kVArh | H14: =E14-1 -> 7024 | J14: =S14 -> 7024 | K14: Used | L14: Ex_Total_kVArh | M14: 12 | N14: float | O14: AI | P14: 0.001 | Q14: 0 | R14: Ex_Total_kVArh | S14: 7024 | T14: 3 | U14: FLOAT | V14: =AE14 -> 7024 | W14: Used | X14: Ex_Total_kVArh | Y14: 12 | Z14: float | AA14: AI | AB14: 0.001 | AC14: 0 | AD14: Ex_Total_kVArh | AE14: 7024 | AF14: 3 | AG14: FLOAT
A15: =IF(VLOOKUP($H15,$V$2:$AG$93,2,0)="Used",VLOOKUP($H15,$V$2:$AG$93,3,0)) -> FALSE | B15: =IF(VLOOKUP($H15,$V$2:$AG$93,2,0)="Used",VLOOKUP($H15,$V$2:$AG$93,3,0)) -> FALSE | C15: =IF(VLOOKUP($H15,$V$2:$AG$93,2,0)="Used",VLOOKUP($H15,$V$2:$AG$93,3,0)) -> FALSE | D15: =IF(VLOOKUP($H15,$V$2:$AG$93,2,0)="Used",VLOOKUP($H15,$V$2:$AG$93,4,0)) -> FALSE | E15: 7027 | F15: 00000160 | G15: Ex kVArh A | H15: =E15-1 -> 7026 | J15: =S15 -> 7026 | L15: Ex_kVArh_RateA | M15: 13 | N15: float | O15: AI | P15: 0.001 | Q15: 0 | R15: Ex_kVArh_RateA | S15: 7026 | T15: 3 | U15: FLOAT | V15: =AE15 -> 7026 | X15: Ex_kVArh_RateA | Y15: 13 | Z15: float | AA15: AI | AB15: 0.001 | AC15: 0 | AD15: Ex_kVArh_RateA | AE15: 7026 | AF15: 3 | AG15: FLOAT
A16: =IF(VLOOKUP($H16,$V$2:$AG$93,2,0)="Used",VLOOKUP($H16,$V$2:$AG$93,3,0)) -> FALSE | B16: =IF(VLOOKUP($H16,$V$2:$AG$93,2,0)="Used",VLOOKUP($H16,$V$2:$AG$93,3,0)) -> FALSE | C16: =IF(VLOOKUP($H16,$V$2:$AG$93,2,0)="Used",VLOOKUP($H16,$V$2:$AG$93,3,0)) -> FALSE | D16: =IF(VLOOKUP($H16,$V$2:$AG$93,2,0)="Used",VLOOKUP($H16,$V$2:$AG$93,4,0)) -> FALSE | E16: 7029 | F16: 00000161 | G16: Ex kVArh B | H16: =E16-1 -> 7028 | J16: =S16 -> 7028 | L16: Ex_kVArh_RateB | M16: 14 | N16: float | O16: AI | P16: 0.001 | Q16: 0 | R16: Ex_kVArh_RateB | S16: 7028 | T16: 3 | U16: FLOAT | V16: =AE16 -> 7028 | X16: Ex_kVArh_RateB | Y16: 14 | Z16: float | AA16: AI | AB16: 0.001 | AC16: 0 | AD16: Ex_kVArh_RateB | AE16: 7028 | AF16: 3 | AG16: FLOAT
A17: =IF(VLOOKUP($H17,$V$2:$AG$93,2,0)="Used",VLOOKUP($H17,$V$2:$AG$93,3,0)) -> FALSE | B17: =IF(VLOOKUP($H17,$V$2:$AG$93,2,0)="Used",VLOOKUP($H17,$V$2:$AG$93,3,0)) -> FALSE | C17: =IF(VLOOKUP($H17,$V$2:$AG$93,2,0)="Used",VLOOKUP($H17,$V$2:$AG$93,3,0)) -> FALSE | D17: =IF(VLOOKUP($H17,$V$2:$AG$93,2,0)="Used",VLOOKUP($H17,$V$2:$AG$93,4,0)) -> FALSE | E17: 7031 | F17: 00000162 | G17: Ex kVArh C | H17: =E17-1 -> 7030 | J17: =S17 -> 7030 | L17: Ex_kVArh_RateC | M17: 15 | N17: float | O17: AI | P17: 0.001 | Q17: 0 | R17: Ex_kVArh_RateC | S17: 7030 | T17: 3 | U17: FLOAT | V17: =AE17 -> 7030 | X17: Ex_kVArh_RateC | Y17: 15 | Z17: float | AA17: AI | AB17: 0.001 | AC17: 0 | AD17: Ex_kVArh_RateC | AE17: 7030 | AF17: 3 | AG17: FLOAT
A18: =IF(VLOOKUP($H18,$V$2:$AG$93,2,0)="Used",VLOOKUP($H18,$V$2:$AG$93,3,0)) -> FALSE | B18: =IF(VLOOKUP($H18,$V$2:$AG$93,2,0)="Used",VLOOKUP($H18,$V$2:$AG$93,3,0)) -> FALSE | C18: =IF(VLOOKUP($H18,$V$2:$AG$93,2,0)="Used",VLOOKUP($H18,$V$2:$AG$93,3,0)) -> FALSE | D18: =IF(VLOOKUP($H18,$V$2:$AG$93,2,0)="Used",VLOOKUP($H18,$V$2:$AG$93,4,0)) -> FALSE | E18: 7033 | F18: 00001100 | G18: Ex Max kVArh A | H18: =E18-1 -> 7032 | J18: =S18 -> 7032 | L18: Ex_Max_kVAr_A | M18: 16 | N18: float | O18: AI | P18: 0.001 | Q18: 0 | R18: Ex_Max_kVAr_A | S18: 7032 | T18: 3 | U18: FLOAT | V18: =AE18 -> 7032 | X18: Ex_Max_kVAr_A | Y18: 16 | Z18: float | AA18: AI | AB18: 0.001 | AC18: 0 | AD18: Ex_Max_kVAr_A | AE18: 7032 | AF18: 3 | AG18: FLOAT
A19: =IF(VLOOKUP($H19,$V$2:$AG$93,2,0)="Used",VLOOKUP($H19,$V$2:$AG$93,3,0)) -> FALSE | B19: =IF(VLOOKUP($H19,$V$2:$AG$93,2,0)="Used",VLOOKUP($H19,$V$2:$AG$93,3,0)) -> FALSE | C19: =IF(VLOOKUP($H19,$V$2:$AG$93,2,0)="Used",VLOOKUP($H19,$V$2:$AG$93,3,0)) -> FALSE | D19: =IF(VLOOKUP($H19,$V$2:$AG$93,2,0)="Used",VLOOKUP($H19,$V$2:$AG$93,4,0)) -> FALSE | E19: 7035 | F19: 00001101 | G19: Ex Max kVArh B | H19: =E19-1 -> 7034 | J19: =S19 -> 7034 | L19: Ex_Max_kVAr_B | M19: 17 | N19: float | O19: AI | P19: 0.001 | Q19: 0 | R19: Ex_Max_kVAr_B | S19: 7034 | T19: 3 | U19: FLOAT | V19: =AE19 -> 7034 | X19: Ex_Max_kVAr_B | Y19: 17 | Z19: float | AA19: AI | AB19: 0.001 | AC19: 0 | AD19: Ex_Max_kVAr_B | AE19: 7034 | AF19: 3 | AG19: FLOAT
A20: =IF(VLOOKUP($H20,$V$2:$AG$93,2,0)="Used",VLOOKUP($H20,$V$2:$AG$93,3,0)) -> FALSE | B20: =IF(VLOOKUP($H20,$V$2:$AG$93,2,0)="Used",VLOOKUP($H20,$V$2:$AG$93,3,0)) -> FALSE | C20: =IF(VLOOKUP($H20,$V$2:$AG$93,2,0)="Used",VLOOKUP($H20,$V$2:$AG$93,3,0)) -> FALSE | D20: =IF(VLOOKUP($H20,$V$2:$AG$93,2,0)="Used",VLOOKUP($H20,$V$2:$AG$93,4,0)) -> FALSE | E20: 7037 | F20: 00001102 | G20: Ex Max kVArh C | H20: =E20-1 -> 7036 | J20: =S20 -> 7036 | L20: Ex_Max_kVAr_C | M20: 18 | N20: float | O20: AI | P20: 0.001 | Q20: 0 | R20: Ex_Max_kVAr_C | S20: 7036 | T20: 3 | U20: FLOAT | V20: =AE20 -> 7036 | X20: Ex_Max_kVAr_C | Y20: 18 | Z20: float | AA20: AI | AB20: 0.001 | AC20: 0 | AD20: Ex_Max_kVAr_C | AE20: 7036 | AF20: 3 | AG20: FLOAT
A21: =IF(VLOOKUP($H21,$V$2:$AG$93,2,0)="Used",VLOOKUP($H21,$V$2:$AG$93,3,0)) -> FALSE | B21: =IF(VLOOKUP($H21,$V$2:$AG$93,2,0)="Used",VLOOKUP($H21,$V$2:$AG$93,3,0)) -> FALSE | C21: =IF(VLOOKUP($H21,$V$2:$AG$93,2,0)="Used",VLOOKUP($H21,$V$2:$AG$93,3,0)) -> FALSE | D21: =IF(VLOOKUP($H21,$V$2:$AG$93,2,0)="Used",VLOOKUP($H21,$V$2:$AG$93,4,0)) -> FALSE | E21: 7039 | F21: 00000140 | G21: Ex kVArh-Cum A | H21: =E21-1 -> 7038 | J21: =S21 -> 7038 | L21: Ex_kVAr_Cum_A | M21: 19 | N21: float | O21: AI | P21: 0.001 | Q21: 0 | R21: Ex_kVAr_Cum_A | S21: 7038 | T21: 3 | U21: FLOAT | V21: =AE21 -> 7038 | X21: Ex_kVAr_Cum_A | Y21: 19 | Z21: float | AA21: AI | AB21: 0.001 | AC21: 0 | AD21: Ex_kVAr_Cum_A | AE21: 7038 | AF21: 3 | AG21: FLOAT
A22: =IF(VLOOKUP($H22,$V$2:$AG$93,2,0)="Used",VLOOKUP($H22,$V$2:$AG$93,3,0)) -> FALSE | B22: =IF(VLOOKUP($H22,$V$2:$AG$93,2,0)="Used",VLOOKUP($H22,$V$2:$AG$93,3,0)) -> FALSE | C22: =IF(VLOOKUP($H22,$V$2:$AG$93,2,0)="Used",VLOOKUP($H22,$V$2:$AG$93,3,0)) -> FALSE | D22: =IF(VLOOKUP($H22,$V$2:$AG$93,2,0)="Used",VLOOKUP($H22,$V$2:$AG$93,4,0)) -> FALSE | E22: 7041 | F22: 00000141 | G22: Ex kVArh-Cum B | H22: =E22-1 -> 7040 | J22: =S22 -> 7040 | L22: Ex_kVAr_Cum_B | M22: 20 | N22: float | O22: AI | P22: 0.001 | Q22: 0 | R22: Ex_kVAr_Cum_B | S22: 7040 | T22: 3 | U22: FLOAT | V22: =AE22 -> 7040 | X22: Ex_kVAr_Cum_B | Y22: 20 | Z22: float | AA22: AI | AB22: 0.001 | AC22: 0 | AD22: Ex_kVAr_Cum_B | AE22: 7040 | AF22: 3 | AG22: FLOAT
A23: =IF(VLOOKUP($H23,$V$2:$AG$93,2,0)="Used",VLOOKUP($H23,$V$2:$AG$93,3,0)) -> FALSE | B23: =IF(VLOOKUP($H23,$V$2:$AG$93,2,0)="Used",VLOOKUP($H23,$V$2:$AG$93,3,0)) -> FALSE | C23: =IF(VLOOKUP($H23,$V$2:$AG$93,2,0)="Used",VLOOKUP($H23,$V$2:$AG$93,3,0)) -> FALSE | D23: =IF(VLOOKUP($H23,$V$2:$AG$93,2,0)="Used",VLOOKUP($H23,$V$2:$AG$93,4,0)) -> FALSE | E23: 7043 | F23: 00000142 | G23: Ex kVArh-Cum C | H23: =E23-1 -> 7042 | J23: =S23 -> 7042 | L23: Ex_kVAr_Cum_C | M23: 21 | N23: float | O23: AI | P23: 0.001 | Q23: 0 | R23: Ex_kVAr_Cum_C | S23: 7042 | T23: 3 | U23: FLOAT | V23: =AE23 -> 7042 | X23: Ex_kVAr_Cum_C | Y23: 21 | Z23: float | AA23: AI | AB23: 0.001 | AC23: 0 | AD23: Ex_kVAr_Cum_C | AE23: 7042 | AF23: 3 | AG23: FLOAT
A24: =IF(VLOOKUP($H24,$V$2:$AG$93,2,0)="Used",VLOOKUP($H24,$V$2:$AG$93,3,0)) -> Ex_BT_Total_kWh | B24: =IF(VLOOKUP($H24,$V$2:$AG$93,2,0)="Used",VLOOKUP($H24,$V$2:$AG$93,3,0)) -> Ex_BT_Total_kWh | C24: =IF(VLOOKUP($H24,$V$2:$AG$93,2,0)="Used",VLOOKUP($H24,$V$2:$AG$93,3,0)) -> Ex_BT_Total_kWh | D24: =IF(VLOOKUP($H24,$V$2:$AG$93,2,0)="Used",VLOOKUP($H24,$V$2:$AG$93,4,0)) -> 22 | E24: 7045 | F24: 00000049 | G24: Ex BT Total kWh | H24: =E24-1 -> 7044 | J24: =S24 -> 7044 | K24: Used | L24: Ex_BT_Total_kWh | M24: 22 | N24: float | O24: AI | P24: 0.001 | Q24: 0 | R24: Ex_BT_Total_kWh | S24: 7044 | T24: 3 | U24: FLOAT | V24: =AE24 -> 7044 | W24: Used | X24: Ex_BT_Total_kWh | Y24: 22 | Z24: float | AA24: AI | AB24: 0.001 | AC24: 0 | AD24: Ex_BT_Total_kWh | AE24: 7044 | AF24: 3 | AG24: FLOAT
A25: =IF(VLOOKUP($H25,$V$2:$AG$93,2,0)="Used",VLOOKUP($H25,$V$2:$AG$93,3,0)) -> Ex_BT_kWhA | B25: =IF(VLOOKUP($H25,$V$2:$AG$93,2,0)="Used",VLOOKUP($H25,$V$2:$AG$93,3,0)) -> Ex_BT_kWhA | C25: =IF(VLOOKUP($H25,$V$2:$AG$93,2,0)="Used",VLOOKUP($H25,$V$2:$AG$93,3,0)) -> Ex_BT_kWhA | D25: =IF(VLOOKUP($H25,$V$2:$AG$93,2,0)="Used",VLOOKUP($H25,$V$2:$AG$93,4,0)) -> 23 | E25: 7047 | F25: 00000040 | G25: Ex BT kWhA | H25: =E25-1 -> 7046 | J25: =S25 -> 7046 | K25: Used | L25: Ex_BT_kWhA | M25: 23 | N25: float | O25: AI | P25: 0.001 | Q25: 0 | R25: Ex_BT_kWhA | S25: 7046 | T25: 3 | U25: FLOAT | V25: =AE25 -> 7046 | W25: Used | X25: Ex_BT_kWhA | Y25: 23 | Z25: float | AA25: AI | AB25: 0.001 | AC25: 0 | AD25: Ex_BT_kWhA | AE25: 7046 | AF25: 3 | AG25: FLOAT
A26: =IF(VLOOKUP($H26,$V$2:$AG$93,2,0)="Used",VLOOKUP($H26,$V$2:$AG$93,3,0)) -> Ex_BT_kWhB | B26: =IF(VLOOKUP($H26,$V$2:$AG$93,2,0)="Used",VLOOKUP($H26,$V$2:$AG$93,3,0)) -> Ex_BT_kWhB | C26: =IF(VLOOKUP($H26,$V$2:$AG$93,2,0)="Used",VLOOKUP($H26,$V$2:$AG$93,3,0)) -> Ex_BT_kWhB | D26: =IF(VLOOKUP($H26,$V$2:$AG$93,2,0)="Used",VLOOKUP($H26,$V$2:$AG$93,4,0)) -> 24 | E26: 7049 | F26: 00000041 | G26: Ex BT kWhB | H26: =E26-1 -> 7048 | J26: =S26 -> 7048 | K26: Used | L26: Ex_BT_kWhB | M26: 24 | N26: float | O26: AI | P26: 0.001 | Q26: 0 | R26: Ex_BT_kWhB | S26: 7048 | T26: 3 | U26: FLOAT | V26: =AE26 -> 7048 | W26: Used | X26: Ex_BT_kWhB | Y26: 24 | Z26: float | AA26: AI | AB26: 0.001 | AC26: 0 | AD26: Ex_BT_kWhB | AE26: 7048 | AF26: 3 | AG26: FLOAT
A27: =IF(VLOOKUP($H27,$V$2:$AG$93,2,0)="Used",VLOOKUP($H27,$V$2:$AG$93,3,0)) -> Ex_BT_kWhC | B27: =IF(VLOOKUP($H27,$V$2:$AG$93,2,0)="Used",VLOOKUP($H27,$V$2:$AG$93,3,0)) -> Ex_BT_kWhC | C27: =IF(VLOOKUP($H27,$V$2:$AG$93,2,0)="Used",VLOOKUP($H27,$V$2:$AG$93,3,0)) -> Ex_BT_kWhC | D27: =IF(VLOOKUP($H27,$V$2:$AG$93,2,0)="Used",VLOOKUP($H27,$V$2:$AG$93,4,0)) -> 25 | E27: 7051 | F27: 00000042 | G27: Ex BT kWhC | H27: =E27-1 -> 7050 | J27: =S27 -> 7050 | K27: Used | L27: Ex_BT_kWhC | M27: 25 | N27: float | O27: AI | P27: 0.001 | Q27: 0 | R27: Ex_BT_kWhC | S27: 7050 | T27: 3 | U27: FLOAT | V27: =AE27 -> 7050 | W27: Used | X27: Ex_BT_kWhC | Y27: 25 | Z27: float | AA27: AI | AB27: 0.001 | AC27: 0 | AD27: Ex_BT_kWhC | AE27: 7050 | AF27: 3 | AG27: FLOAT
A28: =IF(VLOOKUP($H28,$V$2:$AG$93,2,0)="Used",VLOOKUP($H28,$V$2:$AG$93,3,0)) -> FALSE | B28: =IF(VLOOKUP($H28,$V$2:$AG$93,2,0)="Used",VLOOKUP($H28,$V$2:$AG$93,3,0)) -> FALSE | C28: =IF(VLOOKUP($H28,$V$2:$AG$93,2,0)="Used",VLOOKUP($H28,$V$2:$AG$93,3,0)) -> FALSE | D28: =IF(VLOOKUP($H28,$V$2:$AG$93,2,0)="Used",VLOOKUP($H28,$V$2:$AG$93,4,0)) -> FALSE | E28: 7053 | F28: 00001020 | G28: Ex PV kW A | H28: =E28-1 -> 7052 | J28: =S28 -> 7052 | L28: Ex_PV_kW_A | M28: 26 | N28: float | O28: AI | P28: 0.001 | Q28: 0 | R28: Ex_PV_kW_A | S28: 7052 | T28: 3 | U28: FLOAT | V28: =AE28 -> 7052 | X28: Ex_PV_kW_A | Y28: 26 | Z28: float | AA28: AI | AB28: 0.001 | AC28: 0 | AD28: Ex_PV_kW_A | AE28: 7052 | AF28: 3 | AG28: FLOAT
A29: =IF(VLOOKUP($H29,$V$2:$AG$93,2,0)="Used",VLOOKUP($H29,$V$2:$AG$93,3,0)) -> FALSE | B29: =IF(VLOOKUP($H29,$V$2:$AG$93,2,0)="Used",VLOOKUP($H29,$V$2:$AG$93,3,0)) -> FALSE | C29: =IF(VLOOKUP($H29,$V$2:$AG$93,2,0)="Used",VLOOKUP($H29,$V$2:$AG$93,3,0)) -> FALSE | D29: =IF(VLOOKUP($H29,$V$2:$AG$93,2,0)="Used",VLOOKUP($H29,$V$2:$AG$93,4,0)) -> FALSE | E29: 7055 | F29: 00001021 | G29: Ex PV kW B | H29: =E29-1 -> 7054 | J29: =S29 -> 7054 | L29: Ex_PV_kW_B | M29: 27 | N29: float | O29: AI | P29: 0.001 | Q29: 0 | R29: Ex_PV_kW_B | S29: 7054 | T29: 3 | U29: FLOAT | V29: =AE29 -> 7054 | X29: Ex_PV_kW_B | Y29: 27 | Z29: float | AA29: AI | AB29: 0.001 | AC29: 0 | AD29: Ex_PV_kW_B | AE29: 7054 | AF29: 3 | AG29: FLOAT
A30: =IF(VLOOKUP($H30,$V$2:$AG$93,2,0)="Used",VLOOKUP($H30,$V$2:$AG$93,3,0)) -> FALSE | B30: =IF(VLOOKUP($H30,$V$2:$AG$93,2,0)="Used",VLOOKUP($H30,$V$2:$AG$93,3,0)) -> FALSE | C30: =IF(VLOOKUP($H30,$V$2:$AG$93,2,0)="Used",VLOOKUP($H30,$V$2:$AG$93,3,0)) -> FALSE | D30: =IF(VLOOKUP($H30,$V$2:$AG$93,2,0)="Used",VLOOKUP($H30,$V$2:$AG$93,4,0)) -> FALSE | E30: 7057 | F30: 00001022 | G30: Ex PV kW C | H30: =E30-1 -> 7056 | J30: =S30 -> 7056 | L30: Ex_PV_kW_C | M30: 28 | N30: float | O30: AI | P30: 0.001 | Q30: 0 | R30: Ex_PV_kW_C | S30: 7056 | T30: 3 | U30: FLOAT | V30: =AE30 -> 7056 | X30: Ex_PV_kW_C | Y30: 28 | Z30: float | AA30: AI | AB30: 0.001 | AC30: 0 | AD30: Ex_PV_kW_C | AE30: 7056 | AF30: 3 | AG30: FLOAT
A31: =IF(VLOOKUP($H31,$V$2:$AG$93,2,0)="Used",VLOOKUP($H31,$V$2:$AG$93,3,0)) -> Ex_kW_Cum_A2 | B31: =IF(VLOOKUP($H31,$V$2:$AG$93,2,0)="Used",VLOOKUP($H31,$V$2:$AG$93,3,0)) -> Ex_kW_Cum_A2 | C31: =IF(VLOOKUP($H31,$V$2:$AG$93,2,0)="Used",VLOOKUP($H31,$V$2:$AG$93,3,0)) -> Ex_kW_Cum_A2 | D31: =IF(VLOOKUP($H31,$V$2:$AG$93,2,0)="Used",VLOOKUP($H31,$V$2:$AG$93,4,0)) -> 29 | E31: 7059 | F31: 00001040 | G31: Ex kW-Cum A | H31: =E31-1 -> 7058 | J31: =S31 -> 7058 | K31: Used | L31: Ex_kW_Cum_A2 | M31: 29 | N31: float | O31: AI | P31: 0.001 | Q31: 0 | R31: Ex_kW_Cum_A2 | S31: 7058 | T31: 3 | U31: FLOAT | V31: =AE31 -> 7058 | W31: Used | X31: Ex_kW_Cum_A2 | Y31: 29 | Z31: float | AA31: AI | AB31: 0.001 | AC31: 0 | AD31: Ex_kW_Cum_A2 | AE31: 7058 | AF31: 3 | AG31: FLOAT
A32: =IF(VLOOKUP($H32,$V$2:$AG$93,2,0)="Used",VLOOKUP($H32,$V$2:$AG$93,3,0)) -> Ex_kW_Cum_B2 | B32: =IF(VLOOKUP($H32,$V$2:$AG$93,2,0)="Used",VLOOKUP($H32,$V$2:$AG$93,3,0)) -> Ex_kW_Cum_B2 | C32: =IF(VLOOKUP($H32,$V$2:$AG$93,2,0)="Used",VLOOKUP($H32,$V$2:$AG$93,3,0)) -> Ex_kW_Cum_B2 | D32: =IF(VLOOKUP($H32,$V$2:$AG$93,2,0)="Used",VLOOKUP($H32,$V$2:$AG$93,4,0)) -> 30 | E32: 7061 | F32: 00001041 | G32: Ex kW-Cum B | H32: =E32-1 -> 7060 | J32: =S32 -> 7060 | K32: Used | L32: Ex_kW_Cum_B2 | M32: 30 | N32: float | O32: AI | P32: 0.001 | Q32: 0 | R32: Ex_kW_Cum_B2 | S32: 7060 | T32: 3 | U32: FLOAT | V32: =AE32 -> 7060 | W32: Used | X32: Ex_kW_Cum_B2 | Y32: 30 | Z32: float | AA32: AI | AB32: 0.001 | AC32: 0 | AD32: Ex_kW_Cum_B2 | AE32: 7060 | AF32: 3 | AG32: FLOAT
A33: =IF(VLOOKUP($H33,$V$2:$AG$93,2,0)="Used",VLOOKUP($H33,$V$2:$AG$93,3,0)) -> Ex_kW_Cum_C2 | B33: =IF(VLOOKUP($H33,$V$2:$AG$93,2,0)="Used",VLOOKUP($H33,$V$2:$AG$93,3,0)) -> Ex_kW_Cum_C2 | C33: =IF(VLOOKUP($H33,$V$2:$AG$93,2,0)="Used",VLOOKUP($H33,$V$2:$AG$93,3,0)) -> Ex_kW_Cum_C2 | D33: =IF(VLOOKUP($H33,$V$2:$AG$93,2,0)="Used",VLOOKUP($H33,$V$2:$AG$93,4,0)) -> 31 | E33: 7063 | F33: 00001042 | G33: Ex kW-Cum C | H33: =E33-1 -> 7062 | J33: =S33 -> 7062 | K33: Used | L33: Ex_kW_Cum_C2 | M33: 31 | N33: float | O33: AI | P33: 0.001 | Q33: 0 | R33: Ex_kW_Cum_C2 | S33: 7062 | T33: 3 | U33: FLOAT | V33: =AE33 -> 7062 | W33: Used | X33: Ex_kW_Cum_C2 | Y33: 31 | Z33: float | AA33: AI | AB33: 0.001 | AC33: 0 | AD33: Ex_kW_Cum_C2 | AE33: 7062 | AF33: 3 | AG33: FLOAT
A34: =IF(VLOOKUP($H34,$V$2:$AG$93,2,0)="Used",VLOOKUP($H34,$V$2:$AG$93,3,0)) -> Ex_BT_Total_kVAr | B34: =IF(VLOOKUP($H34,$V$2:$AG$93,2,0)="Used",VLOOKUP($H34,$V$2:$AG$93,3,0)) -> Ex_BT_Total_kVAr | C34: =IF(VLOOKUP($H34,$V$2:$AG$93,2,0)="Used",VLOOKUP($H34,$V$2:$AG$93,3,0)) -> Ex_BT_Total_kVAr | D34: =IF(VLOOKUP($H34,$V$2:$AG$93,2,0)="Used",VLOOKUP($H34,$V$2:$AG$93,4,0)) -> 32 | E34: 7065 | F34: 00000149 | G34: Ex BT Total kVA | H34: =E34-1 -> 7064 | J34: =S34 -> 7064 | K34: Used | L34: Ex_BT_Total_kVAr | M34: 32 | N34: float | O34: AI | P34: 0.001 | Q34: 0 | R34: Ex_BT_Total_kVAr | S34: 7064 | T34: 3 | U34: FLOAT | V34: =AE34 -> 7064 | W34: Used | X34: Ex_BT_Total_kVAr | Y34: 32 | Z34: float | AA34: AI | AB34: 0.001 | AC34: 0 | AD34: Ex_BT_Total_kVAr | AE34: 7064 | AF34: 3 | AG34: FLOAT
A35: =IF(VLOOKUP($H35,$V$2:$AG$93,2,0)="Used",VLOOKUP($H35,$V$2:$AG$93,3,0)) -> FALSE | B35: =IF(VLOOKUP($H35,$V$2:$AG$93,2,0)="Used",VLOOKUP($H35,$V$2:$AG$93,3,0)) -> FALSE | C35: =IF(VLOOKUP($H35,$V$2:$AG$93,2,0)="Used",VLOOKUP($H35,$V$2:$AG$93,3,0)) -> FALSE | D35: =IF(VLOOKUP($H35,$V$2:$AG$93,2,0)="Used",VLOOKUP($H35,$V$2:$AG$93,4,0)) -> FALSE | E35: 7067 | F35: 00000129 | G35: Ex PV kVAr | H35: =E35-1 -> 7066 | J35: =S35 -> 7066 | L35: Ex_PV_kVAr | M35: 33 | N35: float | O35: AI | P35: 0.001 | Q35: 0 | R35: Ex_PV_kVAr | S35: 7066 | T35: 3 | U35: FLOAT | V35: =AE35 -> 7066 | X35: Ex_PV_kVAr | Y35: 33 | Z35: float | AA35: AI | AB35: 0.001 | AC35: 0 | AD35: Ex_PV_kVAr | AE35: 7066 | AF35: 3 | AG35: FLOAT
A36: =IF(VLOOKUP($H36,$V$2:$AG$93,2,0)="Used",VLOOKUP($H36,$V$2:$AG$93,3,0)) -> FALSE | B36: =IF(VLOOKUP($H36,$V$2:$AG$93,2,0)="Used",VLOOKUP($H36,$V$2:$AG$93,3,0)) -> FALSE | C36: =IF(VLOOKUP($H36,$V$2:$AG$93,2,0)="Used",VLOOKUP($H36,$V$2:$AG$93,3,0)) -> FALSE | D36: =IF(VLOOKUP($H36,$V$2:$AG$93,2,0)="Used",VLOOKUP($H36,$V$2:$AG$93,4,0)) -> FALSE | E36: 7069 | F36: 00000169 | G36: Ex kVAr-Cum | H36: =E36-1 -> 7068 | J36: =S36 -> 7068 | L36: Ex_kVAr_Cum | M36: 34 | N36: float | O36: AI | P36: 0.001 | Q36: 0 | R36: Ex_kVAr_Cum | S36: 7068 | T36: 3 | U36: FLOAT | V36: =AE36 -> 7068 | X36: Ex_kVAr_Cum | Y36: 34 | Z36: float | AA36: AI | AB36: 0.001 | AC36: 0 | AD36: Ex_kVAr_Cum | AE36: 7068 | AF36: 3 | AG36: FLOAT
A37: =IF(VLOOKUP($H37,$V$2:$AG$93,2,0)="Used",VLOOKUP($H37,$V$2:$AG$93,3,0)) -> FALSE | B37: =IF(VLOOKUP($H37,$V$2:$AG$93,2,0)="Used",VLOOKUP($H37,$V$2:$AG$93,3,0)) -> FALSE | C37: =IF(VLOOKUP($H37,$V$2:$AG$93,2,0)="Used",VLOOKUP($H37,$V$2:$AG$93,3,0)) -> FALSE | D37: =IF(VLOOKUP($H37,$V$2:$AG$93,2,0)="Used",VLOOKUP($H37,$V$2:$AG$93,4,0)) -> FALSE | E37: 7071 | F37: 0000E000 | G37: Ph A Volt | H37: =E37-1 -> 7070 | J37: =S37 -> 7070 | L37: Ph_A_Volt | M37: 35 | N37: float | O37: AI | P37: 1 | Q37: 0 | R37: Ph_A_Volt | S37: 7070 | T37: 3 | U37: FLOAT | V37: =AE37 -> 7070 | X37: Ph_A_Volt | Y37: 35 | Z37: float | AA37: AI | AB37: 1 | AC37: 0 | AD37: Ph_A_Volt | AE37: 7070 | AF37: 3 | AG37: FLOAT
A38: =IF(VLOOKUP($H38,$V$2:$AG$93,2,0)="Used",VLOOKUP($H38,$V$2:$AG$93,3,0)) -> FALSE | B38: =IF(VLOOKUP($H38,$V$2:$AG$93,2,0)="Used",VLOOKUP($H38,$V$2:$AG$93,3,0)) -> FALSE | C38: =IF(VLOOKUP($H38,$V$2:$AG$93,2,0)="Used",VLOOKUP($H38,$V$2:$AG$93,3,0)) -> FALSE | D38: =IF(VLOOKUP($H38,$V$2:$AG$93,2,0)="Used",VLOOKUP($H38,$V$2:$AG$93,4,0)) -> FALSE | E38: 7073 | F38: 0000E001 | G38: Ph B Volt | H38: =E38-1 -> 7072 | J38: =S38 -> 7072 | L38: Ph_B_Volt | M38: 36 | N38: float | O38: AI | P38: 1 | Q38: 0 | R38: Ph_B_Volt | S38: 7072 | T38: 3 | U38: FLOAT | V38: =AE38 -> 7072 | X38: Ph_B_Volt | Y38: 36 | Z38: float | AA38: AI | AB38: 1 | AC38: 0 | AD38: Ph_B_Volt | AE38: 7072 | AF38: 3 | AG38: FLOAT
A39: =IF(VLOOKUP($H39,$V$2:$AG$93,2,0)="Used",VLOOKUP($H39,$V$2:$AG$93,3,0)) -> FALSE | B39: =IF(VLOOKUP($H39,$V$2:$AG$93,2,0)="Used",VLOOKUP($H39,$V$2:$AG$93,3,0)) -> FALSE | C39: =IF(VLOOKUP($H39,$V$2:$AG$93,2,0)="Used",VLOOKUP($H39,$V$2:$AG$93,3,0)) -> FALSE | D39: =IF(VLOOKUP($H39,$V$2:$AG$93,2,0)="Used",VLOOKUP($H39,$V$2:$AG$93,4,0)) -> FALSE | E39: 7075 | F39: 0000E002 | G39: Ph C Volt | H39: =E39-1 -> 7074 | J39: =S39 -> 7074 | L39: Ph_C_Volt | M39: 37 | N39: float | O39: AI | P39: 1 | Q39: 0 | R39: Ph_C_Volt | S39: 7074 | T39: 3 | U39: FLOAT | V39: =AE39 -> 7074 | X39: Ph_C_Volt | Y39: 37 | Z39: float | AA39: AI | AB39: 1 | AC39: 0 | AD39: Ph_C_Volt | AE39: 7074 | AF39: 3 | AG39: FLOAT
A40: =IF(VLOOKUP($H40,$V$2:$AG$93,2,0)="Used",VLOOKUP($H40,$V$2:$AG$93,3,0)) -> FALSE | B40: =IF(VLOOKUP($H40,$V$2:$AG$93,2,0)="Used",VLOOKUP($H40,$V$2:$AG$93,3,0)) -> FALSE | C40: =IF(VLOOKUP($H40,$V$2:$AG$93,2,0)="Used",VLOOKUP($H40,$V$2:$AG$93,3,0)) -> FALSE | D40: =IF(VLOOKUP($H40,$V$2:$AG$93,2,0)="Used",VLOOKUP($H40,$V$2:$AG$93,4,0)) -> FALSE | E40: 7077 | F40: 0000E010 | G40: Ph A Curr | H40: =E40-1 -> 7076 | J40: =S40 -> 7076 | L40: Ph_A_Curr | M40: 38 | N40: float | O40: AI | P40: 1 | Q40: 0 | R40: Ph_A_Curr | S40: 7076 | T40: 3 | U40: FLOAT | V40: =AE40 -> 7076 | X40: Ph_A_Curr | Y40: 38 | Z40: float | AA40: AI | AB40: 1 | AC40: 0 | AD40: Ph_A_Curr | AE40: 7076 | AF40: 3 | AG40: FLOAT
A41: =IF(VLOOKUP($H41,$V$2:$AG$93,2,0)="Used",VLOOKUP($H41,$V$2:$AG$93,3,0)) -> FALSE | B41: =IF(VLOOKUP($H41,$V$2:$AG$93,2,0)="Used",VLOOKUP($H41,$V$2:$AG$93,3,0)) -> FALSE | C41: =IF(VLOOKUP($H41,$V$2:$AG$93,2,0)="Used",VLOOKUP($H41,$V$2:$AG$93,3,0)) -> FALSE | D41: =IF(VLOOKUP($H41,$V$2:$AG$93,2,0)="Used",VLOOKUP($H41,$V$2:$AG$93,4,0)) -> FALSE | E41: 7079 | F41: 0000E011 | G41: Ph B Curr | H41: =E41-1 -> 7078 | J41: =S41 -> 7078 | L41: Ph_B_Curr | M41: 39 | N41: float | O41: AI | P41: 1 | Q41: 0 | R41: Ph_B_Curr | S41: 7078 | T41: 3 | U41: FLOAT | V41: =AE41 -> 7078 | X41: Ph_B_Curr | Y41: 39 | Z41: float | AA41: AI | AB41: 1 | AC41: 0 | AD41: Ph_B_Curr | AE41: 7078 | AF41: 3 | AG41: FLOAT
A42: =IF(VLOOKUP($H42,$V$2:$AG$93,2,0)="Used",VLOOKUP($H42,$V$2:$AG$93,3,0)) -> FALSE | B42: =IF(VLOOKUP($H42,$V$2:$AG$93,2,0)="Used",VLOOKUP($H42,$V$2:$AG$93,3,0)) -> FALSE | C42: =IF(VLOOKUP($H42,$V$2:$AG$93,2,0)="Used",VLOOKUP($H42,$V$2:$AG$93,3,0)) -> FALSE | D42: =IF(VLOOKUP($H42,$V$2:$AG$93,2,0)="Used",VLOOKUP($H42,$V$2:$AG$93,4,0)) -> FALSE | E42: 7081 | F42: 0000E012 | G42: Ph C Curr | H42: =E42-1 -> 7080 | J42: =S42 -> 7080 | L42: Ph_C_Curr | M42: 40 | N42: float | O42: AI | P42: 1 | Q42: 0 | R42: Ph_C_Curr | S42: 7080 | T42: 3 | U42: FLOAT | V42: =AE42 -> 7080 | X42: Ph_C_Curr | Y42: 40 | Z42: float | AA42: AI | AB42: 1 | AC42: 0 | AD42: Ph_C_Curr | AE42: 7080 | AF42: 3 | AG42: FLOAT
A43: =IF(VLOOKUP($H43,$V$2:$AG$93,2,0)="Used",VLOOKUP($H43,$V$2:$AG$93,3,0)) -> FALSE | B43: =IF(VLOOKUP($H43,$V$2:$AG$93,2,0)="Used",VLOOKUP($H43,$V$2:$AG$93,3,0)) -> FALSE | C43: =IF(VLOOKUP($H43,$V$2:$AG$93,2,0)="Used",VLOOKUP($H43,$V$2:$AG$93,3,0)) -> FALSE | D43: =IF(VLOOKUP($H43,$V$2:$AG$93,2,0)="Used",VLOOKUP($H43,$V$2:$AG$93,4,0)) -> FALSE | E43: 7083 | F43: 0000E020 | G43: Ph A angle | H43: =E43-1 -> 7082 | J43: =S43 -> 7082 | L43: Ph_A_angle | M43: 41 | N43: float | O43: AI | P43: 1 | Q43: 0 | R43: Ph_A_angle | S43: 7082 | T43: 3 | U43: FLOAT | V43: =AE43 -> 7082 | X43: Ph_A_angle | Y43: 41 | Z43: float | AA43: AI | AB43: 1 | AC43: 0 | AD43: Ph_A_angle | AE43: 7082 | AF43: 3 | AG43: FLOAT
A44: =IF(VLOOKUP($H44,$V$2:$AG$93,2,0)="Used",VLOOKUP($H44,$V$2:$AG$93,3,0)) -> FALSE | B44: =IF(VLOOKUP($H44,$V$2:$AG$93,2,0)="Used",VLOOKUP($H44,$V$2:$AG$93,3,0)) -> FALSE | C44: =IF(VLOOKUP($H44,$V$2:$AG$93,2,0)="Used",VLOOKUP($H44,$V$2:$AG$93,3,0)) -> FALSE | D44: =IF(VLOOKUP($H44,$V$2:$AG$93,2,0)="Used",VLOOKUP($H44,$V$2:$AG$93,4,0)) -> FALSE | E44: 7085 | F44: 0000E021 | G44: Ph B angle | H44: =E44-1 -> 7084 | J44: =S44 -> 7084 | L44: Ph_B_angle | M44: 42 | N44: float | O44: AI | P44: 1 | Q44: 0 | R44: Ph_B_angle | S44: 7084 | T44: 3 | U44: FLOAT | V44: =AE44 -> 7084 | X44: Ph_B_angle | Y44: 42 | Z44: float | AA44: AI | AB44: 1 | AC44: 0 | AD44: Ph_B_angle | AE44: 7084 | AF44: 3 | AG44: FLOAT
A45: =IF(VLOOKUP($H45,$V$2:$AG$93,2,0)="Used",VLOOKUP($H45,$V$2:$AG$93,3,0)) -> FALSE | B45: =IF(VLOOKUP($H45,$V$2:$AG$93,2,0)="Used",VLOOKUP($H45,$V$2:$AG$93,3,0)) -> FALSE | C45: =IF(VLOOKUP($H45,$V$2:$AG$93,2,0)="Used",VLOOKUP($H45,$V$2:$AG$93,3,0)) -> FALSE | D45: =IF(VLOOKUP($H45,$V$2:$AG$93,2,0)="Used",VLOOKUP($H45,$V$2:$AG$93,4,0)) -> FALSE | E45: 7087 | F45: 0000E022 | G45: Ph C angle | H45: =E45-1 -> 7086 | J45: =S45 -> 7086 | L45: Ph_C_angle | M45: 43 | N45: float | O45: AI | P45: 1 | Q45: 0 | R45: Ph_C_angle | S45: 7086 | T45: 3 | U45: FLOAT | V45: =AE45 -> 7086 | X45: Ph_C_angle | Y45: 43 | Z45: float | AA45: AI | AB45: 1 | AC45: 0 | AD45: Ph_C_angle | AE45: 7086 | AF45: 3 | AG45: FLOAT
A46: =IF(VLOOKUP($H46,$V$2:$AG$93,2,0)="Used",VLOOKUP($H46,$V$2:$AG$93,3,0)) -> FALSE | B46: =IF(VLOOKUP($H46,$V$2:$AG$93,2,0)="Used",VLOOKUP($H46,$V$2:$AG$93,3,0)) -> FALSE | C46: =IF(VLOOKUP($H46,$V$2:$AG$93,2,0)="Used",VLOOKUP($H46,$V$2:$AG$93,3,0)) -> FALSE | D46: =IF(VLOOKUP($H46,$V$2:$AG$93,2,0)="Used",VLOOKUP($H46,$V$2:$AG$93,4,0)) -> FALSE | E46: 7089 | F46: 0000E030 | G46: Ph A Watts | H46: =E46-1 -> 7088 | J46: =S46 -> 7088 | L46: Ph_A_Watts | M46: 44 | N46: float | O46: AI | P46: 0.001 | Q46: 0 | R46: Ph_A_Watts | S46: 7088 | T46: 3 | U46: FLOAT | V46: =AE46 -> 7088 | X46: Ph_A_Watts | Y46: 44 | Z46: float | AA46: AI | AB46: 0.001 | AC46: 0 | AD46: Ph_A_Watts | AE46: 7088 | AF46: 3 | AG46: FLOAT
... A58: =IF(VLOOKUP($H58,$V$2:$AG$93,2,0)="Used",VLOOKUP($H58,$V$2:$AG$93,3,0)) -> FALSE | B58: =IF(VLOOKUP($H58,$V$2:$AG$93,2,0)="Used",VLOOKUP($H58,$V$2:$AG$93,3,0)) -> FALSE | C58: =IF(VLOOKUP($H58,$V$2:$AG$93,2,0)="Used",VLOOKUP($H58,$V$2:$AG$93,3,0)) -> FALSE | D58: =IF(VLOOKUP($H58,$V$2:$AG$93,2,0)="Used",VLOOKUP($H58,$V$2:$AG$93,4,0)) -> FALSE | E58: 7113 | F58: 0000E026 | G58: Power Factor | H58: =E58-1 -> 7112 | J58: =S58 -> 7112 | L58: Power_factor | M58: 56 | N58: float | O58: AI | P58: 1 | Q58: 0 | R58: Power_factor | S58: 7112 | T58: 3 | U58: FLOAT | V58: =AE58 -> 7112 | X58: Power_factor | Y58: 56 | Z58: float | AA58: AI | AB58: 1 | AC58: 0 | AD58: Power_factor | AE58: 7112 | AF58: 3 | AG58: FLOAT
A59: =IF(VLOOKUP($H59,$V$2:$AG$93,2,0)="Used",VLOOKUP($H59,$V$2:$AG$93,3,0)) -> Im_kWh_RateA | B59: =IF(VLOOKUP($H59,$V$2:$AG$93,2,0)="Used",VLOOKUP($H59,$V$2:$AG$93,3,0)) -> Im_kWh_RateA | C59: =IF(VLOOKUP($H59,$V$2:$AG$93,2,0)="Used",VLOOKUP($H59,$V$2:$AG$93,3,0)) -> Im_kWh_RateA | D59: =IF(VLOOKUP($H59,$V$2:$AG$93,2,0)="Used",VLOOKUP($H59,$V$2:$AG$93,4,0)) -> 57 | E59: 7115 | F59: 00000200 | G59: Im kWh RateA | H59: =E59-1 -> 7114 | J59: =S59 -> 7114 | K59: Used | L59: Im_kWh_RateA | M59: 57 | N59: float | O59: AI | P59: 0.001 | Q59: 0 | R59: Im_kWh_RateA | S59: 7114 | T59: 3 | U59: FLOAT | V59: =AE59 -> 7114 | W59: Used | X59: Im_kWh_RateA | Y59: 57 | Z59: float | AA59: AI | AB59: 0.001 | AC59: 0 | AD59: Im_kWh_RateA | AE59: 7114 | AF59: 3 | AG59: FLOAT
A60: =IF(VLOOKUP($H60,$V$2:$AG$93,2,0)="Used",VLOOKUP($H60,$V$2:$AG$93,3,0)) -> Im_kWh_RateB | B60: =IF(VLOOKUP($H60,$V$2:$AG$93,2,0)="Used",VLOOKUP($H60,$V$2:$AG$93,3,0)) -> Im_kWh_RateB | C60: =IF(VLOOKUP($H60,$V$2:$AG$93,2,0)="Used",VLOOKUP($H60,$V$2:$AG$93,3,0)) -> Im_kWh_RateB | D60: =IF(VLOOKUP($H60,$V$2:$AG$93,2,0)="Used",VLOOKUP($H60,$V$2:$AG$93,4,0)) -> 58 | E60: 7117 | F60: 00000201 | G60: Im kWh RateB | H60: =E60-1 -> 7116 | J60: =S60 -> 7116 | K60: Used | L60: Im_kWh_RateB | M60: 58 | N60: float | O60: AI | P60: 0.001 | Q60: 0 | R60: Im_kWh_RateB | S60: 7116 | T60: 3 | U60: FLOAT | V60: =AE60 -> 7116 | W60: Used | X60: Im_kWh_RateB | Y60: 58 | Z60: float | AA60: AI | AB60: 0.001 | AC60: 0 | AD60: Im_kWh_RateB | AE60: 7116 | AF60: 3 | AG60: FLOAT
A61: =IF(VLOOKUP($H61,$V$2:$AG$93,2,0)="Used",VLOOKUP($H61,$V$2:$AG$93,3,0)) -> Im_kWh_RateC | B61: =IF(VLOOKUP($H61,$V$2:$AG$93,2,0)="Used",VLOOKUP($H61,$V$2:$AG$93,3,0)) -> Im_kWh_RateC | C61: =IF(VLOOKUP($H61,$V$2:$AG$93,2,0)="Used",VLOOKUP($H61,$V$2:$AG$93,3,0)) -> Im_kWh_RateC | D61: =IF(VLOOKUP($H61,$V$2:$AG$93,2,0)="Used",VLOOKUP($H61,$V$2:$AG$93,4,0)) -> 59 | E61: 7119 | F61: 00000202 | G61: Im kWh RateC | H61: =E61-1 -> 7118 | J61: =S61 -> 7118 | K61: Used | L61: Im_kWh_RateC | M61: 59 | N61: float | O61: AI | P61: 0.001 | Q61: 0 | R61: Im_kWh_RateC | S61: 7118 | T61: 3 | U61: FLOAT | V61: =AE61 -> 7118 | W61: Used | X61: Im_kWh_RateC | Y61: 59 | Z61: float | AA61: AI | AB61: 0.001 | AC61: 0 | AD61: Im_kWh_RateC | AE61: 7118 | AF61: 3 | AG61: FLOAT
A62: =IF(VLOOKUP($H62,$V$2:$AG$93,2,0)="Used",VLOOKUP($H62,$V$2:$AG$93,3,0)) -> FALSE | B62: =IF(VLOOKUP($H62,$V$2:$AG$93,2,0)="Used",VLOOKUP($H62,$V$2:$AG$93,3,0)) -> FALSE | C62: =IF(VLOOKUP($H62,$V$2:$AG$93,2,0)="Used",VLOOKUP($H62,$V$2:$AG$93,3,0)) -> FALSE | D62: =IF(VLOOKUP($H62,$V$2:$AG$93,2,0)="Used",VLOOKUP($H62,$V$2:$AG$93,4,0)) -> FALSE | E62: 7121 | F62: 00001200 | G62: Im Max kW A | H62: =E62-1 -> 7120 | J62: =S62 -> 7120 | L62: Im_Max_kW_A | M62: 60 | N62: float | O62: AI | P62: 0.001 | Q62: 0 | R62: Im_Max_kW_A | S62: 7120 | T62: 3 | U62: FLOAT | V62: =AE62 -> 7120 | X62: Im_Max_kW_A | Y62: 60 | Z62: float | AA62: AI | AB62: 0.001 | AC62: 0 | AD62: Im_Max_kW_A | AE62: 7120 | AF62: 3 | AG62: FLOAT
A63: =IF(VLOOKUP($H63,$V$2:$AG$93,2,0)="Used",VLOOKUP($H63,$V$2:$AG$93,3,0)) -> FALSE | B63: =IF(VLOOKUP($H63,$V$2:$AG$93,2,0)="Used",VLOOKUP($H63,$V$2:$AG$93,3,0)) -> FALSE | C63: =IF(VLOOKUP($H63,$V$2:$AG$93,2,0)="Used",VLOOKUP($H63,$V$2:$AG$93,3,0)) -> FALSE | D63: =IF(VLOOKUP($H63,$V$2:$AG$93,2,0)="Used",VLOOKUP($H63,$V$2:$AG$93,4,0)) -> FALSE | E63: 7123 | F63: 00001201 | G63: Im Max kW B | H63: =E63-1 -> 7122 | J63: =S63 -> 7122 | L63: Im_Max_kW_B | M63: 61 | N63: float | O63: AI | P63: 0.001 | Q63: 0 | R63: Im_Max_kW_B | S63: 7122 | T63: 3 | U63: FLOAT | V63: =AE63 -> 7122 | X63: Im_Max_kW_B | Y63: 61 | Z63: float | AA63: AI | AB63: 0.001 | AC63: 0 | AD63: Im_Max_kW_B | AE63: 7122 | AF63: 3 | AG63: FLOAT
A64: =IF(VLOOKUP($H64,$V$2:$AG$93,2,0)="Used",VLOOKUP($H64,$V$2:$AG$93,3,0)) -> FALSE | B64: =IF(VLOOKUP($H64,$V$2:$AG$93,2,0)="Used",VLOOKUP($H64,$V$2:$AG$93,3,0)) -> FALSE | C64: =IF(VLOOKUP($H64,$V$2:$AG$93,2,0)="Used",VLOOKUP($H64,$V$2:$AG$93,3,0)) -> FALSE | D64: =IF(VLOOKUP($H64,$V$2:$AG$93,2,0)="Used",VLOOKUP($H64,$V$2:$AG$93,4,0)) -> FALSE | E64: 7125 | F64: 00001202 | G64: Im Max kW C | H64: =E64-1 -> 7124 | J64: =S64 -> 7124 | L64: Im_Max_kW_C | M64: 62 | N64: float | O64: AI | P64: 0.001 | Q64: 0 | R64: Im_Max_kW_C | S64: 7124 | T64: 3 | U64: FLOAT | V64: =AE64 -> 7124 | X64: Im_Max_kW_C | Y64: 62 | Z64: float | AA64: AI | AB64: 0.001 | AC64: 0 | AD64: Im_Max_kW_C | AE64: 7124 | AF64: 3 | AG64: FLOAT
A65: =IF(VLOOKUP($H65,$V$2:$AG$93,2,0)="Used",VLOOKUP($H65,$V$2:$AG$93,3,0)) -> Im_Total_kVArh | B65: =IF(VLOOKUP($H65,$V$2:$AG$93,2,0)="Used",VLOOKUP($H65,$V$2:$AG$93,3,0)) -> Im_Total_kVArh | C65: =IF(VLOOKUP($H65,$V$2:$AG$93,2,0)="Used",VLOOKUP($H65,$V$2:$AG$93,3,0)) -> Im_Total_kVArh | D65: =IF(VLOOKUP($H65,$V$2:$AG$93,2,0)="Used",VLOOKUP($H65,$V$2:$AG$93,4,0)) -> 63 | E65: 7127 | F65: 00000369 | G65: Im Total kVArh | H65: =E65-1 -> 7126 | J65: =S65 -> 7126 | K65: Used | L65: Im_Total_kVArh | M65: 63 | N65: float | O65: AI | P65: 0.001 | Q65: 0 | R65: Im_Total_kVArh | S65: 7126 | T65: 3 | U65: FLOAT | V65: =AE65 -> 7126 | W65: Used | X65: Im_Total_kVArh | Y65: 63 | Z65: float | AA65: AI | AB65: 0.001 | AC65: 0 | AD65: Im_Total_kVArh | AE65: 7126 | AF65: 3 | AG65: FLOAT
A66: =IF(VLOOKUP($H66,$V$2:$AG$93,2,0)="Used",VLOOKUP($H66,$V$2:$AG$93,3,0)) -> FALSE | B66: =IF(VLOOKUP($H66,$V$2:$AG$93,2,0)="Used",VLOOKUP($H66,$V$2:$AG$93,3,0)) -> FALSE | C66: =IF(VLOOKUP($H66,$V$2:$AG$93,2,0)="Used",VLOOKUP($H66,$V$2:$AG$93,3,0)) -> FALSE | D66: =IF(VLOOKUP($H66,$V$2:$AG$93,2,0)="Used",VLOOKUP($H66,$V$2:$AG$93,4,0)) -> FALSE | E66: 7129 | F66: 00000360 | G66: Im kVArh A | H66: =E66-1 -> 7128 | J66: =S66 -> 7128 | L66: Im_kVArh_RateA | M66: 64 | N66: float | O66: AI | P66: 0.001 | Q66: 0 | R66: Im_kVArh_RateA | S66: 7128 | T66: 3 | U66: FLOAT | V66: =AE66 -> 7128 | X66: Im_kVArh_RateA | Y66: 64 | Z66: float | AA66: AI | AB66: 0.001 | AC66: 0 | AD66: Im_kVArh_RateA | AE66: 7128 | AF66: 3 | AG66: FLOAT
A67: =IF(VLOOKUP($H67,$V$2:$AG$93,2,0)="Used",VLOOKUP($H67,$V$2:$AG$93,3,0)) -> FALSE | B67: =IF(VLOOKUP($H67,$V$2:$AG$93,2,0)="Used",VLOOKUP($H67,$V$2:$AG$93,3,0)) -> FALSE | C67: =IF(VLOOKUP($H67,$V$2:$AG$93,2,0)="Used",VLOOKUP($H67,$V$2:$AG$93,3,0)) -> FALSE | D67: =IF(VLOOKUP($H67,$V$2:$AG$93,2,0)="Used",VLOOKUP($H67,$V$2:$AG$93,4,0)) -> FALSE | E67: 7131 | F67: 00000361 | G67: Im kVArh B | H67: =E67-1 -> 7130 | J67: =S67 -> 7130 | L67: Im_kVArh_RateB | M67: 65 | N67: float | O67: AI | P67: 0.001 | Q67: 0 | R67: Im_kVArh_RateB | S67: 7130 | T67: 3 | U67: FLOAT | V67: =AE67 -> 7130 | X67: Im_kVArh_RateB | Y67: 65 | Z67: float | AA67: AI | AB67: 0.001 | AC67: 0 | AD67: Im_kVArh_RateB | AE67: 7130 | AF67: 3 | AG67: FLOAT
A68: =IF(VLOOKUP($H68,$V$2:$AG$93,2,0)="Used",VLOOKUP($H68,$V$2:$AG$93,3,0)) -> FALSE | B68: =IF(VLOOKUP($H68,$V$2:$AG$93,2,0)="Used",VLOOKUP($H68,$V$2:$AG$93,3,0)) -> FALSE | C68: =IF(VLOOKUP($H68,$V$2:$AG$93,2,0)="Used",VLOOKUP($H68,$V$2:$AG$93,3,0)) -> FALSE | D68: =IF(VLOOKUP($H68,$V$2:$AG$93,2,0)="Used",VLOOKUP($H68,$V$2:$AG$93,4,0)) -> FALSE | E68: 7133 | F68: 00000362 | G68: Im kVArh C | H68: =E68-1 -> 7132 | J68: =S68 -> 7132 | L68: Im_kVArh_RateC | M68: 66 | N68: float | O68: AI | P68: 0.001 | Q68: 0 | R68: Im_kVArh_RateC | S68: 7132 | T68: 3 | U68: FLOAT | V68: =AE68 -> 7132 | X68: Im_kVArh_RateC | Y68: 66 | Z68: float | AA68: AI | AB68: 0.001 | AC68: 0 | AD68: Im_kVArh_RateC | AE68: 7132 | AF68: 3 | AG68: FLOAT
A69: =IF(VLOOKUP($H69,$V$2:$AG$93,2,0)="Used",VLOOKUP($H69,$V$2:$AG$93,3,0)) -> FALSE | B69: =IF(VLOOKUP($H69,$V$2:$AG$93,2,0)="Used",VLOOKUP($H69,$V$2:$AG$93,3,0)) -> FALSE | C69: =IF(VLOOKUP($H69,$V$2:$AG$93,2,0)="Used",VLOOKUP($H69,$V$2:$AG$93,3,0)) -> FALSE | D69: =IF(VLOOKUP($H69,$V$2:$AG$93,2,0)="Used",VLOOKUP($H69,$V$2:$AG$93,4,0)) -> FALSE | E69: 7135 | F69: 00001300 | G69: Im Max kVArh A | H69: =E69-1 -> 7134 | J69: =S69 -> 7134 | L69: Im_Max_kVAr_A | M69: 67 | N69: float | O69: AI | P69: 0.001 | Q69: 0 | R69: Im_Max_kVAr_A | S69: 7134 | T69: 3 | U69: FLOAT | V69: =AE69 -> 7134 | X69: Im_Max_kVAr_A | Y69: 67 | Z69: float | AA69: AI | AB69: 0.001 | AC69: 0 | AD69: Im_Max_kVAr_A | AE69: 7134 | AF69: 3 | AG69: FLOAT
A70: =IF(VLOOKUP($H70,$V$2:$AG$93,2,0)="Used",VLOOKUP($H70,$V$2:$AG$93,3,0)) -> FALSE | B70: =IF(VLOOKUP($H70,$V$2:$AG$93,2,0)="Used",VLOOKUP($H70,$V$2:$AG$93,3,0)) -> FALSE | C70: =IF(VLOOKUP($H70,$V$2:$AG$93,2,0)="Used",VLOOKUP($H70,$V$2:$AG$93,3,0)) -> FALSE | D70: =IF(VLOOKUP($H70,$V$2:$AG$93,2,0)="Used",VLOOKUP($H70,$V$2:$AG$93,4,0)) -> FALSE | E70: 7137 | F70: 00001301 | G70: Im Max kVArh B | H70: =E70-1 -> 7136 | J70: =S70 -> 7136 | L70: Im_Max_kVAr_B | M70: 68 | N70: float | O70: AI | P70: 0.001 | Q70: 0 | R70: Im_Max_kVAr_B | S70: 7136 | T70: 3 | U70: FLOAT | V70: =AE70 -> 7136 | X70: Im_Max_kVAr_B | Y70: 68 | Z70: float | AA70: AI | AB70: 0.001 | AC70: 0 | AD70: Im_Max_kVAr_B | AE70: 7136 | AF70: 3 | AG70: FLOAT
A71: =IF(VLOOKUP($H71,$V$2:$AG$93,2,0)="Used",VLOOKUP($H71,$V$2:$AG$93,3,0)) -> FALSE | B71: =IF(VLOOKUP($H71,$V$2:$AG$93,2,0)="Used",VLOOKUP($H71,$V$2:$AG$93,3,0)) -> FALSE | C71: =IF(VLOOKUP($H71,$V$2:$AG$93,2,0)="Used",VLOOKUP($H71,$V$2:$AG$93,3,0)) -> FALSE | D71: =IF(VLOOKUP($H71,$V$2:$AG$93,2,0)="Used",VLOOKUP($H71,$V$2:$AG$93,4,0)) -> FALSE | E71: 7139 | F71: 00001302 | G71: Im Max kVArh C | H71: =E71-1 -> 7138 | J71: =S71 -> 7138 | L71: Im_Max_kVAr_C | M71: 69 | N71: float | O71: AI | P71: 0.001 | Q71: 0 | R71: Im_Max_kVAr_C | S71: 7138 | T71: 3 | U71: FLOAT | V71: =AE71 -> 7138 | X71: Im_Max_kVAr_C | Y71: 69 | Z71: float | AA71: AI | AB71: 0.001 | AC71: 0 | AD71: Im_Max_kVAr_C | AE71: 7138 | AF71: 3 | AG71: FLOAT
A72: =IF(VLOOKUP($H72,$V$2:$AG$93,2,0)="Used",VLOOKUP($H72,$V$2:$AG$93,3,0)) -> FALSE | B72: =IF(VLOOKUP($H72,$V$2:$AG$93,2,0)="Used",VLOOKUP($H72,$V$2:$AG$93,3,0)) -> FALSE | C72: =IF(VLOOKUP($H72,$V$2:$AG$93,2,0)="Used",VLOOKUP($H72,$V$2:$AG$93,3,0)) -> FALSE | D72: =IF(VLOOKUP($H72,$V$2:$AG$93,2,0)="Used",VLOOKUP($H72,$V$2:$AG$93,4,0)) -> FALSE | E72: 7141 | F72: 00000340 | G72: Im kVArh-CumA | H72: =E72-1 -> 7140 | J72: =S72 -> 7140 | L72: Im_kVAr_Cum_A | M72: 70 | N72: float | O72: AI | P72: 0.001 | Q72: 0 | R72: Im_kVAr_Cum_A | S72: 7140 | T72: 3 | U72: FLOAT | V72: =AE72 -> 7140 | X72: Im_kVAr_Cum_A | Y72: 70 | Z72: float | AA72: AI | AB72: 0.001 | AC72: 0 | AD72: Im_kVAr_Cum_A | AE72: 7140 | AF72: 3 | AG72: FLOAT
A73: =IF(VLOOKUP($H73,$V$2:$AG$93,2,0)="Used",VLOOKUP($H73,$V$2:$AG$93,3,0)) -> FALSE | B73: =IF(VLOOKUP($H73,$V$2:$AG$93,2,0)="Used",VLOOKUP($H73,$V$2:$AG$93,3,0)) -> FALSE | C73: =IF(VLOOKUP($H73,$V$2:$AG$93,2,0)="Used",VLOOKUP($H73,$V$2:$AG$93,3,0)) -> FALSE | D73: =IF(VLOOKUP($H73,$V$2:$AG$93,2,0)="Used",VLOOKUP($H73,$V$2:$AG$93,4,0)) -> FALSE | E73: 7143 | F73: 00000341 | G73: Im kVArh-CumB | H73: =E73-1 -> 7142 | J73: =S73 -> 7142 | L73: Im_kVAr_Cum_B | M73: 71 | N73: float | O73: AI | P73: 0.001 | Q73: 0 | R73: Im_kVAr_Cum_B | S73: 7142 | T73: 3 | U73: FLOAT | V73: =AE73 -> 7142 | X73: Im_kVAr_Cum_B | Y73: 71 | Z73: float | AA73: AI | AB73: 0.001 | AC73: 0 | AD73: Im_kVAr_Cum_B | AE73: 7142 | AF73: 3 | AG73: FLOAT
A74: =IF(VLOOKUP($H74,$V$2:$AG$93,2,0)="Used",VLOOKUP($H74,$V$2:$AG$93,3,0)) -> FALSE | B74: =IF(VLOOKUP($H74,$V$2:$AG$93,2,0)="Used",VLOOKUP($H74,$V$2:$AG$93,3,0)) -> FALSE | C74: =IF(VLOOKUP($H74,$V$2:$AG$93,2,0)="Used",VLOOKUP($H74,$V$2:$AG$93,3,0)) -> FALSE | D74: =IF(VLOOKUP($H74,$V$2:$AG$93,2,0)="Used",VLOOKUP($H74,$V$2:$AG$93,4,0)) -> FALSE | E74: 7145 | F74: 00000342 | G74: Im kVArh-CumC | H74: =E74-1 -> 7144 | J74: =S74 -> 7144 | L74: Im_kVAr_Cum_C | M74: 72 | N74: float | O74: AI | P74: 0.001 | Q74: 0 | R74: Im_kVAr_Cum_C | S74: 7144 | T74: 3 | U74: FLOAT | V74: =AE74 -> 7144 | X74: Im_kVAr_Cum_C | Y74: 72 | Z74: float | AA74: AI | AB74: 0.001 | AC74: 0 | AD74: Im_kVAr_Cum_C | AE74: 7144 | AF74: 3 | AG74: FLOAT
A75: =IF(VLOOKUP($H75,$V$2:$AG$93,2,0)="Used",VLOOKUP($H75,$V$2:$AG$93,3,0)) -> FALSE | B75: =IF(VLOOKUP($H75,$V$2:$AG$93,2,0)="Used",VLOOKUP($H75,$V$2:$AG$93,3,0)) -> FALSE | C75: =IF(VLOOKUP($H75,$V$2:$AG$93,2,0)="Used",VLOOKUP($H75,$V$2:$AG$93,3,0)) -> FALSE | D75: =IF(VLOOKUP($H75,$V$2:$AG$93,2,0)="Used",VLOOKUP($H75,$V$2:$AG$93,4,0)) -> FALSE | E75: 7147 | F75: 00000249 | G75: Im BT Total kWh | H75: =E75-1 -> 7146 | J75: =S75 -> 7146 | L75: Im_BT_Total_kWh | M75: 73 | N75: float | O75: AI | P75: 0.001 | Q75: 0 | R75: Im_BT_Total_kWh | S75: 7146 | T75: 3 | U75: FLOAT | V75: =AE75 -> 7146 | X75: Im_BT_Total_kWh | Y75: 73 | Z75: float | AA75: AI | AB75: 0.001 | AC75: 0 | AD75: Im_BT_Total_kWh | AE75: 7146 | AF75: 3 | AG75: FLOAT
A76: =IF(VLOOKUP($H76,$V$2:$AG$93,2,0)="Used",VLOOKUP($H76,$V$2:$AG$93,3,0)) -> FALSE | B76: =IF(VLOOKUP($H76,$V$2:$AG$93,2,0)="Used",VLOOKUP($H76,$V$2:$AG$93,3,0)) -> FALSE | C76: =IF(VLOOKUP($H76,$V$2:$AG$93,2,0)="Used",VLOOKUP($H76,$V$2:$AG$93,3,0)) -> FALSE | D76: =IF(VLOOKUP($H76,$V$2:$AG$93,2,0)="Used",VLOOKUP($H76,$V$2:$AG$93,4,0)) -> FALSE | E76: 7149 | F76: 00000240 | G76: Im BT kWh A | H76: =E76-1 -> 7148 | J76: =S76 -> 7148 | L76: Im_BT_kWhA | M76: 74 | N76: float | O76: AI | P76: 0.001 | Q76: 0 | R76: Im_BT_kWhA | S76: 7148 | T76: 3 | U76: FLOAT | V76: =AE76 -> 7148 | X76: Im_BT_kWhA | Y76: 74 | Z76: float | AA76: AI | AB76: 0.001 | AC76: 0 | AD76: Im_BT_kWhA | AE76: 7148 | AF76: 3 | AG76: FLOAT
A77: =IF(VLOOKUP($H77,$V$2:$AG$93,2,0)="Used",VLOOKUP($H77,$V$2:$AG$93,3,0)) -> FALSE | B77: =IF(VLOOKUP($H77,$V$2:$AG$93,2,0)="Used",VLOOKUP($H77,$V$2:$AG$93,3,0)) -> FALSE | C77: =IF(VLOOKUP($H77,$V$2:$AG$93,2,0)="Used",VLOOKUP($H77,$V$2:$AG$93,3,0)) -> FALSE | D77: =IF(VLOOKUP($H77,$V$2:$AG$93,2,0)="Used",VLOOKUP($H77,$V$2:$AG$93,4,0)) -> FALSE | E77: 7151 | F77: 00000241 | G77: Im BT kWh B | H77: =E77-1 -> 7150 | J77: =S77 -> 7150 | L77: Im_BT_kWhB | M77: 75 | N77: float | O77: AI | P77: 0.001 | Q77: 0 | R77: Im_BT_kWhB | S77: 7150 | T77: 3 | U77: FLOAT | V77: =AE77 -> 7150 | X77: Im_BT_kWhB | Y77: 75 | Z77: float | AA77: AI | AB77: 0.001 | AC77: 0 | AD77: Im_BT_kWhB | AE77: 7150 | AF77: 3 | AG77: FLOAT
... A87: =IF(VLOOKUP($H87,$V$2:$AG$93,2,0)="Used",VLOOKUP($H87,$V$2:$AG$93,3,0)) -> FALSE | B87: =IF(VLOOKUP($H87,$V$2:$AG$93,2,0)="Used",VLOOKUP($H87,$V$2:$AG$93,3,0)) -> FALSE | C87: =IF(VLOOKUP($H87,$V$2:$AG$93,2,0)="Used",VLOOKUP($H87,$V$2:$AG$93,3,0)) -> FALSE | D87: =IF(VLOOKUP($H87,$V$2:$AG$93,2,0)="Used",VLOOKUP($H87,$V$2:$AG$93,4,0)) -> FALSE | E87: 7171 | F87: 00000369 | G87: Im kVAr-Cum | H87: =E87-1 -> 7170 | J87: =S87 -> 7170 | L87: Im_kVAr_Cum | M87: 85 | N87: float | O87: AI | P87: 0.001 | Q87: 0 | R87: Im_kVAr_Cum | S87: 7170 | T87: 3 | U87: FLOAT | V87: =AE87 -> 7170 | X87: Im_kVAr_Cum | Y87: 85 | Z87: float | AA87: AI | AB87: 0.001 | AC87: 0 | AD87: Im_kVAr_Cum | AE87: 7170 | AF87: 3 | AG87: FLOAT
A88: =IF(VLOOKUP($H88,$V$2:$AG$93,2,0)="Used",VLOOKUP($H88,$V$2:$AG$93,3,0)) -> #N/A | B88: =IF(VLOOKUP($H88,$V$2:$AG$93,2,0)="Used",VLOOKUP($H88,$V$2:$AG$93,3,0)) -> #N/A | C88: =IF(VLOOKUP($H88,$V$2:$AG$93,2,0)="Used",VLOOKUP($H88,$V$2:$AG$93,3,0)) -> #N/A | D88: =IF(VLOOKUP($H88,$V$2:$AG$93,2,0)="Used",VLOOKUP($H88,$V$2:$AG$93,4,0)) -> #N/A | E88: 7173 | F88: 00000269 | G88: Im Total kWh | H88: =E88-1 -> 7172 | J88: =S88 -> 7052 | K88: Used | L88: Peak Active power A | M88: 86 | N88: float | O88: AI | P88: 0.001 | Q88: 0 | R88: Peak Active power A | S88: 7052 | T88: 3 | U88: FLOAT | V88: =AE88 -> 7052 | W88: Used | X88: Peak Active power A | Y88: 86 | Z88: float | AA88: AI | AB88: 0.001 | AC88: 0 | AD88: Peak Active power A | AE88: 7052 | AF88: 3 | AG88: FLOAT
A89: =IF(VLOOKUP($H89,$V$2:$AG$93,2,0)="Used",VLOOKUP($H89,$V$2:$AG$93,3,0)) -> Peak Reactive Power | B89: =IF(VLOOKUP($H89,$V$2:$AG$93,2,0)="Used",VLOOKUP($H89,$V$2:$AG$93,3,0)) -> Peak Reactive Power | C89: =IF(VLOOKUP($H89,$V$2:$AG$93,2,0)="Used",VLOOKUP($H89,$V$2:$AG$93,3,0)) -> Peak Reactive Power | D89: =IF(VLOOKUP($H89,$V$2:$AG$93,2,0)="Used",VLOOKUP($H89,$V$2:$AG$93,4,0)) -> 89 | E89: 7175 | F89: 00001129 | G89: Ex PV KVarh | H89: =E89-1 -> 7174 | J89: =S89 -> 7054 | K89: Used | L89: Peak Active power B | M89: 87 | N89: float | O89: AI | P89: 0.001 | Q89: 0 | R89: Peak Active power B | S89: 7054 | T89: 3 | U89: FLOAT | V89: =AE89 -> 7054 | W89: Used | X89: Peak Active power B | Y89: 87 | Z89: float | AA89: AI | AB89: 0.001 | AC89: 0 | AD89: Peak Active power B | AE89: 7054 | AF89: 3 | AG89: FLOAT
A90: =IF(VLOOKUP($H90,$V$2:$AG$93,2,0)="Used",VLOOKUP($H90,$V$2:$AG$93,3,0)) -> #N/A | B90: =IF(VLOOKUP($H90,$V$2:$AG$93,2,0)="Used",VLOOKUP($H90,$V$2:$AG$93,3,0)) -> #N/A | C90: =IF(VLOOKUP($H90,$V$2:$AG$93,2,0)="Used",VLOOKUP($H90,$V$2:$AG$93,3,0)) -> #N/A | D90: =IF(VLOOKUP($H90,$V$2:$AG$93,2,0)="Used",VLOOKUP($H90,$V$2:$AG$93,4,0)) -> #N/A | E90: 7177 | F90: 00008129 | G90: Ex PV KVarh Tim | H90: =E90-1 -> 7176 | J90: =S90 -> 7056 | K90: Used | L90: Peak Active power C | M90: 88 | N90: float | O90: AI | P90: 0.001 | Q90: 0 | R90: Peak Active power C | S90: 7056 | T90: 3 | U90: FLOAT | V90: =AE90 -> 7056 | W90: Used | X90: Peak Active power C | Y90: 88 | Z90: float | AA90: AI | AB90: 0.001 | AC90: 0 | AD90: Peak Active power C | AE90: 7056 | AF90: 3 | AG90: FLOAT
A91: =IF(VLOOKUP($H91,$V$2:$AG$93,2,0)="Used",VLOOKUP($H91,$V$2:$AG$93,3,0)) -> Ex_Total_kVAr | B91: =IF(VLOOKUP($H91,$V$2:$AG$93,2,0)="Used",VLOOKUP($H91,$V$2:$AG$93,3,0)) -> Ex_Total_kVAr | C91: =IF(VLOOKUP($H91,$V$2:$AG$93,2,0)="Used",VLOOKUP($H91,$V$2:$AG$93,3,0)) -> Ex_Total_kVAr | D91: =IF(VLOOKUP($H91,$V$2:$AG$93,2,0)="Used",VLOOKUP($H91,$V$2:$AG$93,4,0)) -> 90 | E91: 7181 | F91: 00001149 | G91: Ex Total kVAr | H91: =E91-1 -> 7180 | J91: =S91 -> 7174 | K91: Used | L91: Peak Reactive Power | M91: 89 | N91: float | O91: AI | P91: 0.001 | Q91: 0 | R91: Peak Reactive Power | S91: 7174 | T91: 3 | U91: FLOAT | V91: =AE91 -> 7174 | W91: Used | X91: Peak Reactive Power | Y91: 89 | Z91: float | AA91: AI | AB91: 0.001 | AC91: 0 | AD91: Peak Reactive Power | AE91: 7174 | AF91: 3 | AG91: FLOAT
A92: =IF(VLOOKUP($H92,$V$2:$AG$93,2,0)="Used",VLOOKUP($H92,$V$2:$AG$93,3,0)) -> No_of_Reset | B92: =IF(VLOOKUP($H92,$V$2:$AG$93,2,0)="Used",VLOOKUP($H92,$V$2:$AG$93,3,0)) -> No_of_Reset | C92: =IF(VLOOKUP($H92,$V$2:$AG$93,2,0)="Used",VLOOKUP($H92,$V$2:$AG$93,3,0)) -> No_of_Reset | D92: =IF(VLOOKUP($H92,$V$2:$AG$93,2,0)="Used",VLOOKUP($H92,$V$2:$AG$93,4,0)) -> 91 | E92: 7183 | F92: 0000F032 | G92: NB Reset | H92: =E92-1 -> 7182 | J92: =S92 -> 7180 | K92: Used | L92: Ex_Total_kVAr | M92: 90 | N92: float | O92: AI | P92: 0.001 | Q92: 0 | R92: Ex_Total_kVAr | S92: 7180 | T92: 3 | U92: FLOAT | V92: =AE92 -> 7180 | W92: Used | X92: Ex_Total_kVAr | Y92: 90 | Z92: float | AA92: AI | AB92: 0.001 | AC92: 0 | AD92: Ex_Total_kVAr | AE92: 7180 | AF92: 3 | AG92: FLOAT
A93: =IF(VLOOKUP($H93,$V$2:$AG$93,2,0)="Used",VLOOKUP($H93,$V$2:$AG$93,3,0)) -> #N/A | B93: =IF(VLOOKUP($H93,$V$2:$AG$93,2,0)="Used",VLOOKUP($H93,$V$2:$AG$93,3,0)) -> #N/A | C93: =IF(VLOOKUP($H93,$V$2:$AG$93,2,0)="Used",VLOOKUP($H93,$V$2:$AG$93,3,0)) -> #N/A | D93: =IF(VLOOKUP($H93,$V$2:$AG$93,2,0)="Used",VLOOKUP($H93,$V$2:$AG$93,4,0)) -> #N/A | E93: 7185 | F93: 00008020 | G93: Ex PV kW A Time | H93: =E93-1 -> 7184 | J93: =S93 -> 7182 | K93: Used | L93: No_of_Reset | M93: 91 | N93: float | O93: AI | P93: 1 | Q93: 0 | R93: No_of_Reset | S93: 7182 | T93: 3 | U93: SHORT | V93: =AE93 -> 7182 | W93: Used | X93: No_of_Reset | Y93: 91 | Z93: float | AA93: AI | AB93: 1 | AC93: 0 | AD93: No_of_Reset | AE93: 7182 | AF93: 3 | AG93: SHORT
A94: =IF(VLOOKUP($H94,$V$2:$AG$93,2,0)="Used",VLOOKUP($H94,$V$2:$AG$93,3,0)) -> #N/A | B94: =IF(VLOOKUP($H94,$V$2:$AG$93,2,0)="Used",VLOOKUP($H94,$V$2:$AG$93,3,0)) -> #N/A | C94: =IF(VLOOKUP($H94,$V$2:$AG$93,2,0)="Used",VLOOKUP($H94,$V$2:$AG$93,3,0)) -> #N/A | D94: =IF(VLOOKUP($H94,$V$2:$AG$93,2,0)="Used",VLOOKUP($H94,$V$2:$AG$93,4,0)) -> #N/A | E94: 7189 | F94: 00008021 | G94: Ex PV kW B Time | H94: =E94-1 -> 7188
A95: =IF(VLOOKUP($H95,$V$2:$AG$93,2,0)="Used",VLOOKUP($H95,$V$2:$AG$93,3,0)) -> #N/A | B95: =IF(VLOOKUP($H95,$V$2:$AG$93,2,0)="Used",VLOOKUP($H95,$V$2:$AG$93,3,0)) -> #N/A | C95: =IF(VLOOKUP($H95,$V$2:$AG$93,2,0)="Used",VLOOKUP($H95,$V$2:$AG$93,3,0)) -> #N/A | D95: =IF(VLOOKUP($H95,$V$2:$AG$93,2,0)="Used",VLOOKUP($H95,$V$2:$AG$93,4,0)) -> #N/A | E95: 7193 | F95: 00008022 | G95: Ex PV kW C Time | H95: =E95-1 -> 7192
A96: =IF(VLOOKUP($H96,$V$2:$AG$93,2,0)="Used",VLOOKUP($H96,$V$2:$AG$93,3,0)) -> #N/A | B96: =IF(VLOOKUP($H96,$V$2:$AG$93,2,0)="Used",VLOOKUP($H96,$V$2:$AG$93,3,0)) -> #N/A | C96: =IF(VLOOKUP($H96,$V$2:$AG$93,2,0)="Used",VLOOKUP($H96,$V$2:$AG$93,3,0)) -> #N/A | D96: =IF(VLOOKUP($H96,$V$2:$AG$93,2,0)="Used",VLOOKUP($H96,$V$2:$AG$93,4,0)) -> #N/A | E96: 7197 | F96: 0000FC00 | G96: DT of Reset | H96: =E96-1 -> 7196
A97: =IF(VLOOKUP($H97,$V$2:$AG$93,2,0)="Used",VLOOKUP($H97,$V$2:$AG$93,3,0)) -> #N/A | B97: =IF(VLOOKUP($H97,$V$2:$AG$93,2,0)="Used",VLOOKUP($H97,$V$2:$AG$93,3,0)) -> #N/A | C97: =IF(VLOOKUP($H97,$V$2:$AG$93,2,0)="Used",VLOOKUP($H97,$V$2:$AG$93,3,0)) -> #N/A | D97: =IF(VLOOKUP($H97,$V$2:$AG$93,2,0)="Used",VLOOKUP($H97,$V$2:$AG$93,4,0)) -> #N/A | E97: 7201 | F97: 0000F002 | G97: Serial No | H97: =E97-1 -> 7200

Sheet TOP1
A1: Check | C1: METER | G1: Enos
A2: =IF(VLOOKUP(F2,$G$2:$R$95,2,0)="Used",VLOOKUP(F2,$G$2:$R$95,3,0)) -> Inst_kW | B2: =IF(VLOOKUP(F2,$G$2:$R$95,2,0)="Used",VLOOKUP(F2,$G$2:$R$95,4,0)) -> 0 | C2: 7001 | D2: 0000E033 | E2: Inst kW | F2: =C2-1 -> 7000 | G2: 7000 | H2: Used | I2: Inst_kW | J2: 0 | K2: float | L2: AI | M2: 0.001 | N2: 0 | O2: Inst_kW | P2: 7000 | Q2: 3 | R2: FLOAT
A3: =IF(VLOOKUP(F3,$G$2:$R$95,2,0)="Used",VLOOKUP(F3,$G$2:$R$95,3,0)) -> Inst_kVAr | B3: =IF(VLOOKUP(F3,$G$2:$R$95,2,0)="Used",VLOOKUP(F3,$G$2:$R$95,4,0)) -> 1 | C3: 7003 | D3: 0000E043 | E3: Inst kVAr | F3: =C3-1 -> 7002 | G3: 7002 | H3: Used | I3: Inst_kVAr | J3: 1 | K3: float | L3: AI | M3: 0.001 | N3: 0 | O3: Inst_kVAr | P3: 7002 | Q3: 3 | R3: FLOAT
A4: =IF(VLOOKUP(F4,$G$2:$R$95,2,0)="Used",VLOOKUP(F4,$G$2:$R$95,3,0)) -> Ex_Total_kWh | B4: =IF(VLOOKUP(F4,$G$2:$R$95,2,0)="Used",VLOOKUP(F4,$G$2:$R$95,4,0)) -> 2 | C4: 7005 | D4: 00000069 | E4: Ex Total kWh | F4: =C4-1 -> 7004 | G4: 7004 | H4: Used | I4: Ex_Total_kWh | J4: 2 | K4: float | L4: AI | M4: 0.001 | N4: 0 | O4: Ex_Total_kWh | P4: 7004 | Q4: 3 | R4: FLOAT
A5: =IF(VLOOKUP(F5,$G$2:$R$95,2,0)="Used",VLOOKUP(F5,$G$2:$R$95,3,0)) -> Ex_kWh_RateA | B5: =IF(VLOOKUP(F5,$G$2:$R$95,2,0)="Used",VLOOKUP(F5,$G$2:$R$95,4,0)) -> 3 | C5: 7007 | D5: 00000000 | E5: Ex kWh RateA | F5: =C5-1 -> 7006 | G5: 7006 | H5: Used | I5: Ex_kWh_RateA | J5: 3 | K5: float | L5: AI | M5: 0.001 | N5: 0 | O5: Ex_kWh_RateA | P5: 7006 | Q5: 3 | R5: FLOAT
A6: =IF(VLOOKUP(F6,$G$2:$R$95,2,0)="Used",VLOOKUP(F6,$G$2:$R$95,3,0)) -> Ex_kWh_RateB | B6: =IF(VLOOKUP(F6,$G$2:$R$95,2,0)="Used",VLOOKUP(F6,$G$2:$R$95,4,0)) -> 4 | C6: 7009 | D6: 00000001 | E6: Ex kWh RateB | F6: =C6-1 -> 7008 | G6: 7008 | H6: Used | I6: Ex_kWh_RateB | J6: 4 | K6: float | L6: AI | M6: 0.001 | N6: 0 | O6: Ex_kWh_RateB | P6: 7008 | Q6: 3 | R6: FLOAT
A7: =IF(VLOOKUP(F7,$G$2:$R$95,2,0)="Used",VLOOKUP(F7,$G$2:$R$95,3,0)) -> Ex_kWh_RateC | B7: =IF(VLOOKUP(F7,$G$2:$R$95,2,0)="Used",VLOOKUP(F7,$G$2:$R$95,4,0)) -> 5 | C7: 7011 | D7: 00000002 | E7: Ex kWh RateC | F7: =C7-1 -> 7010 | G7: 7010 | H7: Used | I7: Ex_kWh_RateC | J7: 5 | K7: float | L7: AI | M7: 0.001 | N7: 0 | O7: Ex_kWh_RateC | P7: 7010 | Q7: 3 | R7: FLOAT
A8: =IF(VLOOKUP(F8,$G$2:$R$95,2,0)="Used",VLOOKUP(F8,$G$2:$R$95,3,0)) -> FALSE | B8: =IF(VLOOKUP(F8,$G$2:$R$95,2,0)="Used",VLOOKUP(F8,$G$2:$R$95,4,0)) -> FALSE | C8: 7013 | D8: 00001000 | E8: Ex Max kW A | F8: =C8-1 -> 7012 | G8: 7012 | I8: Ex_Max_kW_A | J8: 6 | K8: float | L8: AI | M8: 0.001 | N8: 0 | O8: Ex_Max_kW_A | P8: 7012 | Q8: 3 | R8: FLOAT
A9: =IF(VLOOKUP(F9,$G$2:$R$95,2,0)="Used",VLOOKUP(F9,$G$2:$R$95,3,0)) -> FALSE | B9: =IF(VLOOKUP(F9,$G$2:$R$95,2,0)="Used",VLOOKUP(F9,$G$2:$R$95,4,0)) -> FALSE | C9: 7015 | D9: 00001001 | E9: Ex Max kW B | F9: =C9-1 -> 7014 | G9: 7014 | I9: Ex_Max_kW_B | J9: 7 | K9: float | L9: AI | M9: 0.001 | N9: 0 | O9: Ex_Max_kW_B | P9: 7014 | Q9: 3 | R9: FLOAT
A10: =IF(VLOOKUP(F10,$G$2:$R$95,2,0)="Used",VLOOKUP(F10,$G$2:$R$95,3,0)) -> FALSE | B10: =IF(VLOOKUP(F10,$G$2:$R$95,2,0)="Used",VLOOKUP(F10,$G$2:$R$95,4,0)) -> FALSE | C10: 7017 | D10: 00001002 | E10: Ex Max kW C | F10: =C10-1 -> 7016 | G10: 7016 | I10: Ex_Max_kW_C | J10: 8 | K10: float | L10: AI | M10: 0.001 | N10: 0 | O10: Ex_Max_kW_C | P10: 7016 | Q10: 3 | R10: FLOAT
A11: =IF(VLOOKUP(F11,$G$2:$R$95,2,0)="Used",VLOOKUP(F11,$G$2:$R$95,3,0)) -> FALSE | B11: =IF(VLOOKUP(F11,$G$2:$R$95,2,0)="Used",VLOOKUP(F11,$G$2:$R$95,4,0)) -> FALSE | C11: 7019 | D11: 00001040 | E11: Ex kW-Cum A | F11: =C11-1 -> 7018 | G11: 7018 | I11: Ex_kW_Cum_A | J11: 9 | K11: float | L11: AI | M11: 0.001 | N11: 0 | O11: Ex_kW_Cum_A | P11: 7018 | Q11: 3 | R11: FLOAT
A12: =IF(VLOOKUP(F12,$G$2:$R$95,2,0)="Used",VLOOKUP(F12,$G$2:$R$95,3,0)) -> FALSE | B12: =IF(VLOOKUP(F12,$G$2:$R$95,2,0)="Used",VLOOKUP(F12,$G$2:$R$95,4,0)) -> FALSE | C12: 7021 | D12: 00001041 | E12: Ex kW-Cum B | F12: =C12-1 -> 7020 | G12: 7020 | I12: Ex_kW_Cum_B | J12: 10 | K12: float | L12: AI | M12: 0.001 | N12: 0 | O12: Ex_kW_Cum_B | P12: 7020 | Q12: 3 | R12: FLOAT
A13: =IF(VLOOKUP(F13,$G$2:$R$95,2,0)="Used",VLOOKUP(F13,$G$2:$R$95,3,0)) -> FALSE | B13: =IF(VLOOKUP(F13,$G$2:$R$95,2,0)="Used",VLOOKUP(F13,$G$2:$R$95,4,0)) -> FALSE | C13: 7023 | D13: 00001042 | E13: Ex kW-Cum C | F13: =C13-1 -> 7022 | G13: 7022 | I13: Ex_kW_Cum_C | J13: 11 | K13: float | L13: AI | M13: 0.001 | N13: 0 | O13: Ex_kW_Cum_C | P13: 7022 | Q13: 3 | R13: FLOAT
A14: =IF(VLOOKUP(F14,$G$2:$R$95,2,0)="Used",VLOOKUP(F14,$G$2:$R$95,3,0)) -> Ex_Total_kVArh | B14: =IF(VLOOKUP(F14,$G$2:$R$95,2,0)="Used",VLOOKUP(F14,$G$2:$R$95,4,0)) -> 12 | C14: 7025 | D14: 00000169 | E14: Ex Total kVArh | F14: =C14-1 -> 7024 | G14: 7024 | H14: Used | I14: Ex_Total_kVArh | J14: 12 | K14: float | L14: AI | M14: 0.001 | N14: 0 | O14: Ex_Total_kVArh | P14: 7024 | Q14: 3 | R14: FLOAT
A15: =IF(VLOOKUP(F15,$G$2:$R$95,2,0)="Used",VLOOKUP(F15,$G$2:$R$95,3,0)) -> FALSE | B15: =IF(VLOOKUP(F15,$G$2:$R$95,2,0)="Used",VLOOKUP(F15,$G$2:$R$95,4,0)) -> FALSE | C15: 7027 | D15: 00000160 | E15: Ex kVArh A | F15: =C15-1 -> 7026 | G15: 7026 | I15: Ex_kVArh_RateA | J15: 13 | K15: float | L15: AI | M15: 0.001 | N15: 0 | O15: Ex_kVArh_RateA | P15: 7026 | Q15: 3 | R15: FLOAT
A16: =IF(VLOOKUP(F16,$G$2:$R$95,2,0)="Used",VLOOKUP(F16,$G$2:$R$95,3,0)) -> FALSE | B16: =IF(VLOOKUP(F16,$G$2:$R$95,2,0)="Used",VLOOKUP(F16,$G$2:$R$95,4,0)) -> FALSE | C16: 7029 | D16: 00000161 | E16: Ex kVArh B | F16: =C16-1 -> 7028 | G16: 7028 | I16: Ex_kVArh_RateB | J16: 14 | K16: float | L16: AI | M16: 0.001 | N16: 0 | O16: Ex_kVArh_RateB | P16: 7028 | Q16: 3 | R16: FLOAT
A17: =IF(VLOOKUP(F17,$G$2:$R$95,2,0)="Used",VLOOKUP(F17,$G$2:$R$95,3,0)) -> FALSE | B17: =IF(VLOOKUP(F17,$G$2:$R$95,2,0)="Used",VLOOKUP(F17,$G$2:$R$95,4,0)) -> FALSE | C17: 7031 | D17: 00000162 | E17: Ex kVArh C | F17: =C17-1 -> 7030 | G17: 7030 | I17: Ex_kVArh_RateC | J17: 15 | K17: float | L17: AI | M17: 0.001 | N17: 0 | O17: Ex_kVArh_RateC | P17: 7030 | Q17: 3 | R17: FLOAT
A18: =IF(VLOOKUP(F18,$G$2:$R$95,2,0)="Used",VLOOKUP(F18,$G$2:$R$95,3,0)) -> FALSE | B18: =IF(VLOOKUP(F18,$G$2:$R$95,2,0)="Used",VLOOKUP(F18,$G$2:$R$95,4,0)) -> FALSE | C18: 7033 | D18: 00001100 | E18: Ex Max kVArh A | F18: =C18-1 -> 7032 | G18: 7032 | I18: Ex_Max_kVAr_A | J18: 16 | K18: float | L18: AI | M18: 0.001 | N18: 0 | O18: Ex_Max_kVAr_A | P18: 7032 | Q18: 3 | R18: FLOAT
A19: =IF(VLOOKUP(F19,$G$2:$R$95,2,0)="Used",VLOOKUP(F19,$G$2:$R$95,3,0)) -> FALSE | B19: =IF(VLOOKUP(F19,$G$2:$R$95,2,0)="Used",VLOOKUP(F19,$G$2:$R$95,4,0)) -> FALSE | C19: 7035 | D19: 00001101 | E19: Ex Max kVArh B | F19: =C19-1 -> 7034 | G19: 7034 | I19: Ex_Max_kVAr_B | J19: 17 | K19: float | L19: AI | M19: 0.001 | N19: 0 | O19: Ex_Max_kVAr_B | P19: 7034 | Q19: 3 | R19: FLOAT
A20: =IF(VLOOKUP(F20,$G$2:$R$95,2,0)="Used",VLOOKUP(F20,$G$2:$R$95,3,0)) -> FALSE | B20: =IF(VLOOKUP(F20,$G$2:$R$95,2,0)="Used",VLOOKUP(F20,$G$2:$R$95,4,0)) -> FALSE | C20: 7037 | D20: 00001102 | E20: Ex Max kVArh C | F20: =C20-1 -> 7036 | G20: 7036 | I20: Ex_Max_kVAr_C | J20: 18 | K20: float | L20: AI | M20: 0.001 | N20: 0 | O20: Ex_Max_kVAr_C | P20: 7036 | Q20: 3 | R20: FLOAT
A21: =IF(VLOOKUP(F21,$G$2:$R$95,2,0)="Used",VLOOKUP(F21,$G$2:$R$95,3,0)) -> FALSE | B21: =IF(VLOOKUP(F21,$G$2:$R$95,2,0)="Used",VLOOKUP(F21,$G$2:$R$95,4,0)) -> FALSE | C21: 7039 | D21: 00000140 | E21: Ex kVArh-Cum A | F21: =C21-1 -> 7038 | G21: 7038 | I21: Ex_kVAr_Cum_A | J21: 19 | K21: float | L21: AI | M21: 0.001 | N21: 0 | O21: Ex_kVAr_Cum_A | P21: 7038 | Q21: 3 | R21: FLOAT
A22: =IF(VLOOKUP(F22,$G$2:$R$95,2,0)="Used",VLOOKUP(F22,$G$2:$R$95,3,0)) -> FALSE | B22: =IF(VLOOKUP(F22,$G$2:$R$95,2,0)="Used",VLOOKUP(F22,$G$2:$R$95,4,0)) -> FALSE | C22: 7041 | D22: 00000141 | E22: Ex kVArh-Cum B | F22: =C22-1 -> 7040 | G22: 7040 | I22: Ex_kVAr_Cum_B | J22: 20 | K22: float | L22: AI | M22: 0.001 | N22: 0 | O22: Ex_kVAr_Cum_B | P22: 7040 | Q22: 3 | R22: FLOAT
A23: =IF(VLOOKUP(F23,$G$2:$R$95,2,0)="Used",VLOOKUP(F23,$G$2:$R$95,3,0)) -> FALSE | B23: =IF(VLOOKUP(F23,$G$2:$R$95,2,0)="Used",VLOOKUP(F23,$G$2:$R$95,4,0)) -> FALSE | C23: 7043 | D23: 00000142 | E23: Ex kVArh-Cum C | F23: =C23-1 -> 7042 | G23: 7042 | I23: Ex_kVAr_Cum_C | J23: 21 | K23: float | L23: AI | M23: 0.001 | N23: 0 | O23: Ex_kVAr_Cum_C | P23: 7042 | Q23: 3 | R23: FLOAT
A24: =IF(VLOOKUP(F24,$G$2:$R$95,2,0)="Used",VLOOKUP(F24,$G$2:$R$95,3,0)) -> FALSE | B24: =IF(VLOOKUP(F24,$G$2:$R$95,2,0)="Used",VLOOKUP(F24,$G$2:$R$95,4,0)) -> FALSE | C24: 7045 | D24: 00000049 | E24: Ex BT Total kWh | F24: =C24-1 -> 7044 | G24: 7044 | I24: Ex_BT_Total_kWh | J24: 22 | K24: float | L24: AI | M24: 0.001 | N24: 0 | O24: Ex_BT_Total_kWh | P24: 7044 | Q24: 3 | R24: FLOAT
A25: =IF(VLOOKUP(F25,$G$2:$R$95,2,0)="Used",VLOOKUP(F25,$G$2:$R$95,3,0)) -> FALSE | B25: =IF(VLOOKUP(F25,$G$2:$R$95,2,0)="Used",VLOOKUP(F25,$G$2:$R$95,4,0)) -> FALSE | C25: 7047 | D25: 00000040 | E25: Ex BT kWhA | F25: =C25-1 -> 7046 | G25: 7046 | I25: Ex_BT_kWhA | J25: 23 | K25: float | L25: AI | M25: 0.001 | N25: 0 | O25: Ex_BT_kWhA | P25: 7046 | Q25: 3 | R25: FLOAT
A26: =IF(VLOOKUP(F26,$G$2:$R$95,2,0)="Used",VLOOKUP(F26,$G$2:$R$95,3,0)) -> FALSE | B26: =IF(VLOOKUP(F26,$G$2:$R$95,2,0)="Used",VLOOKUP(F26,$G$2:$R$95,4,0)) -> FALSE | C26: 7049 | D26: 00000041 | E26: Ex BT kWhB | F26: =C26-1 -> 7048 | G26: 7048 | I26: Ex_BT_kWhB | J26: 24 | K26: float | L26: AI | M26: 0.001 | N26: 0 | O26: Ex_BT_kWhB | P26: 7048 | Q26: 3 | R26: FLOAT
... A58: =IF(VLOOKUP(F58,$G$2:$R$95,2,0)="Used",VLOOKUP(F58,$G$2:$R$95,3,0)) -> FALSE | B58: =IF(VLOOKUP(F58,$G$2:$R$95,2,0)="Used",VLOOKUP(F58,$G$2:$R$95,4,0)) -> FALSE | C58: 7113 | D58: 0000E026 | E58: Power Factor | F58: =C58-1 -> 7112 | G58: 7112 | I58: Power_factor | J58: 56 | K58: float | L58: AI | M58: 1 | N58: 0 | O58: Power_factor | P58: 7112 | Q58: 3 | R58: FLOAT
A59: =IF(VLOOKUP(F59,$G$2:$R$95,2,0)="Used",VLOOKUP(F59,$G$2:$R$95,3,0)) -> Im_kWh_RateA | B59: =IF(VLOOKUP(F59,$G$2:$R$95,2,0)="Used",VLOOKUP(F59,$G$2:$R$95,4,0)) -> 57 | C59: 7115 | D59: 00000200 | E59: Im kWh RateA | F59: =C59-1 -> 7114 | G59: 7114 | H59: Used | I59: Im_kWh_RateA | J59: 57 | K59: float | L59: AI | M59: 0.001 | N59: 0 | O59: Im_kWh_RateA | P59: 7114 | Q59: 3 | R59: FLOAT
A60: =IF(VLOOKUP(F60,$G$2:$R$95,2,0)="Used",VLOOKUP(F60,$G$2:$R$95,3,0)) -> Im_kWh_RateB | B60: =IF(VLOOKUP(F60,$G$2:$R$95,2,0)="Used",VLOOKUP(F60,$G$2:$R$95,4,0)) -> 58 | C60: 7117 | D60: 00000201 | E60: Im kWh RateB | F60: =C60-1 -> 7116 | G60: 7116 | H60: Used | I60: Im_kWh_RateB | J60: 58 | K60: float | L60: AI | M60: 0.001 | N60: 0 | O60: Im_kWh_RateB | P60: 7116 | Q60: 3 | R60: FLOAT
A61: =IF(VLOOKUP(F61,$G$2:$R$95,2,0)="Used",VLOOKUP(F61,$G$2:$R$95,3,0)) -> Im_kWh_RateC | B61: =IF(VLOOKUP(F61,$G$2:$R$95,2,0)="Used",VLOOKUP(F61,$G$2:$R$95,4,0)) -> 59 | C61: 7119 | D61: 00000202 | E61: Im kWh RateC | F61: =C61-1 -> 7118 | G61: 7118 | H61: Used | I61: Im_kWh_RateC | J61: 59 | K61: float | L61: AI | M61: 0.001 | N61: 0 | O61: Im_kWh_RateC | P61: 7118 | Q61: 3 | R61: FLOAT
A62: =IF(VLOOKUP(F62,$G$2:$R$95,2,0)="Used",VLOOKUP(F62,$G$2:$R$95,3,0)) -> FALSE | B62: =IF(VLOOKUP(F62,$G$2:$R$95,2,0)="Used",VLOOKUP(F62,$G$2:$R$95,4,0)) -> FALSE | C62: 7121 | D62: 00001200 | E62: Im Max kW A | F62: =C62-1 -> 7120 | G62: 7120 | I62: Im_Max_kW_A | J62: 60 | K62: float | L62: AI | M62: 0.001 | N62: 0 | O62: Im_Max_kW_A | P62: 7120 | Q62: 3 | R62: FLOAT
A63: =IF(VLOOKUP(F63,$G$2:$R$95,2,0)="Used",VLOOKUP(F63,$G$2:$R$95,3,0)) -> FALSE | B63: =IF(VLOOKUP(F63,$G$2:$R$95,2,0)="Used",VLOOKUP(F63,$G$2:$R$95,4,0)) -> FALSE | C63: 7123 | D63: 00001201 | E63: Im Max kW B | F63: =C63-1 -> 7122 | G63: 7122 | I63: Im_Max_kW_B | J63: 61 | K63: float | L63: AI | M63: 0.001 | N63: 0 | O63: Im_Max_kW_B | P63: 7122 | Q63: 3 | R63: FLOAT
A64: =IF(VLOOKUP(F64,$G$2:$R$95,2,0)="Used",VLOOKUP(F64,$G$2:$R$95,3,0)) -> FALSE | B64: =IF(VLOOKUP(F64,$G$2:$R$95,2,0)="Used",VLOOKUP(F64,$G$2:$R$95,4,0)) -> FALSE | C64: 7125 | D64: 00001202 | E64: Im Max kW C | F64: =C64-1 -> 7124 | G64: 7124 | I64: Im_Max_kW_C | J64: 62 | K64: float | L64: AI | M64: 0.001 | N64: 0 | O64: Im_Max_kW_C | P64: 7124 | Q64: 3 | R64: FLOAT
A65: =IF(VLOOKUP(F65,$G$2:$R$95,2,0)="Used",VLOOKUP(F65,$G$2:$R$95,3,0)) -> Im_Total_kVArh | B65: =IF(VLOOKUP(F65,$G$2:$R$95,2,0)="Used",VLOOKUP(F65,$G$2:$R$95,4,0)) -> 63 | C65: 7127 | D65: 00000369 | E65: Im Total kVArh | F65: =C65-1 -> 7126 | G65: 7126 | H65: Used | I65: Im_Total_kVArh | J65: 63 | K65: float | L65: AI | M65: 0.001 | N65: 0 | O65: Im_Total_kVArh | P65: 7126 | Q65: 3 | R65: FLOAT
A66: =IF(VLOOKUP(F66,$G$2:$R$95,2,0)="Used",VLOOKUP(F66,$G$2:$R$95,3,0)) -> FALSE | B66: =IF(VLOOKUP(F66,$G$2:$R$95,2,0)="Used",VLOOKUP(F66,$G$2:$R$95,4,0)) -> FALSE | C66: 7129 | D66: 00000360 | E66: Im kVArh A | F66: =C66-1 -> 7128 | G66: 7128 | I66: Im_kVArh_RateA | J66: 64 | K66: float | L66: AI | M66: 0.001 | N66: 0 | O66: Im_kVArh_RateA | P66: 7128 | Q66: 3 | R66: FLOAT
A67: =IF(VLOOKUP(F67,$G$2:$R$95,2,0)="Used",VLOOKUP(F67,$G$2:$R$95,3,0)) -> FALSE | B67: =IF(VLOOKUP(F67,$G$2:$R$95,2,0)="Used",VLOOKUP(F67,$G$2:$R$95,4,0)) -> FALSE | C67: 7131 | D67: 00000361 | E67: Im kVArh B | F67: =C67-1 -> 7130 | G67: 7130 | I67: Im_kVArh_RateB | J67: 65 | K67: float | L67: AI | M67: 0.001 | N67: 0 | O67: Im_kVArh_RateB | P67: 7130 | Q67: 3 | R67: FLOAT
A68: =IF(VLOOKUP(F68,$G$2:$R$95,2,0)="Used",VLOOKUP(F68,$G$2:$R$95,3,0)) -> FALSE | B68: =IF(VLOOKUP(F68,$G$2:$R$95,2,0)="Used",VLOOKUP(F68,$G$2:$R$95,4,0)) -> FALSE | C68: 7133 | D68: 00000362 | E68: Im kVArh C | F68: =C68-1 -> 7132 | G68: 7132 | I68: Im_kVArh_RateC | J68: 66 | K68: float | L68: AI | M68: 0.001 | N68: 0 | O68: Im_kVArh_RateC | P68: 7132 | Q68: 3 | R68: FLOAT
A69: =IF(VLOOKUP(F69,$G$2:$R$95,2,0)="Used",VLOOKUP(F69,$G$2:$R$95,3,0)) -> FALSE | B69: =IF(VLOOKUP(F69,$G$2:$R$95,2,0)="Used",VLOOKUP(F69,$G$2:$R$95,4,0)) -> FALSE | C69: 7135 | D69: 00001300 | E69: Im Max kVArh A | F69: =C69-1 -> 7134 | G69: 7134 | I69: Im_Max_kVAr_A | J69: 67 | K69: float | L69: AI | M69: 0.001 | N69: 0 | O69: Im_Max_kVAr_A | P69: 7134 | Q69: 3 | R69: FLOAT
A70: =IF(VLOOKUP(F70,$G$2:$R$95,2,0)="Used",VLOOKUP(F70,$G$2:$R$95,3,0)) -> FALSE | B70: =IF(VLOOKUP(F70,$G$2:$R$95,2,0)="Used",VLOOKUP(F70,$G$2:$R$95,4,0)) -> FALSE | C70: 7137 | D70: 00001301 | E70: Im Max kVArh B | F70: =C70-1 -> 7136 | G70: 7136 | I70: Im_Max_kVAr_B | J70: 68 | K70: float | L70: AI | M70: 0.001 | N70: 0 | O70: Im_Max_kVAr_B | P70: 7136 | Q70: 3 | R70: FLOAT
A71: =IF(VLOOKUP(F71,$G$2:$R$95,2,0)="Used",VLOOKUP(F71,$G$2:$R$95,3,0)) -> FALSE | B71: =IF(VLOOKUP(F71,$G$2:$R$95,2,0)="Used",VLOOKUP(F71,$G$2:$R$95,4,0)) -> FALSE | C71: 7139 | D71: 00001302 | E71: Im Max kVArh C | F71: =C71-1 -> 7138 | G71: 7138 | I71: Im_Max_kVAr_C | J71: 69 | K71: float | L71: AI | M71: 0.001 | N71: 0 | O71: Im_Max_kVAr_C | P71: 7138 | Q71: 3 | R71: FLOAT
A72: =IF(VLOOKUP(F72,$G$2:$R$95,2,0)="Used",VLOOKUP(F72,$G$2:$R$95,3,0)) -> FALSE | B72: =IF(VLOOKUP(F72,$G$2:$R$95,2,0)="Used",VLOOKUP(F72,$G$2:$R$95,4,0)) -> FALSE | C72: 7141 | D72: 00000340 | E72: Im kVArh-CumA | F72: =C72-1 -> 7140 | G72: 7140 | I72: Im_kVAr_Cum_A | J72: 70 | K72: float | L72: AI | M72: 0.001 | N72: 0 | O72: Im_kVAr_Cum_A | P72: 7140 | Q72: 3 | R72: FLOAT
A73: =IF(VLOOKUP(F73,$G$2:$R$95,2,0)="Used",VLOOKUP(F73,$G$2:$R$95,3,0)) -> FALSE | B73: =IF(VLOOKUP(F73,$G$2:$R$95,2,0)="Used",VLOOKUP(F73,$G$2:$R$95,4,0)) -> FALSE | C73: 7143 | D73: 00000341 | E73: Im kVArh-CumB | F73: =C73-1 -> 7142 | G73: 7142 | I73: Im_kVAr_Cum_B | J73: 71 | K73: float | L73: AI | M73: 0.001 | N73: 0 | O73: Im_kVAr_Cum_B | P73: 7142 | Q73: 3 | R73: FLOAT
A74: =IF(VLOOKUP(F74,$G$2:$R$95,2,0)="Used",VLOOKUP(F74,$G$2:$R$95,3,0)) -> FALSE | B74: =IF(VLOOKUP(F74,$G$2:$R$95,2,0)="Used",VLOOKUP(F74,$G$2:$R$95,4,0)) -> FALSE | C74: 7145 | D74: 00000342 | E74: Im kVArh-CumC | F74: =C74-1 -> 7144 | G74: 7144 | I74: Im_kVAr_Cum_C | J74: 72 | K74: float | L74: AI | M74: 0.001 | N74: 0 | O74: Im_kVAr_Cum_C | P74: 7144 | Q74: 3 | R74: FLOAT
A75: =IF(VLOOKUP(F75,$G$2:$R$95,2,0)="Used",VLOOKUP(F75,$G$2:$R$95,3,0)) -> FALSE | B75: =IF(VLOOKUP(F75,$G$2:$R$95,2,0)="Used",VLOOKUP(F75,$G$2:$R$95,4,0)) -> FALSE | C75: 7147 | D75: 00000249 | E75: Im BT Total kWh | F75: =C75-1 -> 7146 | G75: 7146 | I75: Im_BT_Total_kWh | J75: 73 | K75: float | L75: AI | M75: 0.001 | N75: 0 | O75: Im_BT_Total_kWh | P75: 7146 | Q75: 3 | R75: FLOAT
A76: =IF(VLOOKUP(F76,$G$2:$R$95,2,0)="Used",VLOOKUP(F76,$G$2:$R$95,3,0)) -> FALSE | B76: =IF(VLOOKUP(F76,$G$2:$R$95,2,0)="Used",VLOOKUP(F76,$G$2:$R$95,4,0)) -> FALSE | C76: 7149 | D76: 00000240 | E76: Im BT kWh A | F76: =C76-1 -> 7148 | G76: 7148 | I76: Im_BT_kWhA | J76: 74 | K76: float | L76: AI | M76: 0.001 | N76: 0 | O76: Im_BT_kWhA | P76: 7148 | Q76: 3 | R76: FLOAT
A77: =IF(VLOOKUP(F77,$G$2:$R$95,2,0)="Used",VLOOKUP(F77,$G$2:$R$95,3,0)) -> FALSE | B77: =IF(VLOOKUP(F77,$G$2:$R$95,2,0)="Used",VLOOKUP(F77,$G$2:$R$95,4,0)) -> FALSE | C77: 7151 | D77: 00000241 | E77: Im BT kWh B | F77: =C77-1 -> 7150 | G77: 7150 | I77: Im_BT_kWhB | J77: 75 | K77: float | L77: AI | M77: 0.001 | N77: 0 | O77: Im_BT_kWhB | P77: 7150 | Q77: 3 | R77: FLOAT
... A87: =IF(VLOOKUP(F87,$G$2:$R$95,2,0)="Used",VLOOKUP(F87,$G$2:$R$95,3,0)) -> FALSE | B87: =IF(VLOOKUP(F87,$G$2:$R$95,2,0)="Used",VLOOKUP(F87,$G$2:$R$95,4,0)) -> FALSE | C87: 7171 | D87: 00000369 | E87: Im kVAr-Cum | F87: =C87-1 -> 7170 | G87: 7170 | I87: Im_kVAr_Cum | J87: 85 | K87: float | L87: AI | M87: 0.001 | N87: 0 | O87: Im_kVAr_Cum | P87: 7170 | Q87: 3 | R87: FLOAT
A88: =IF(VLOOKUP(F88,$G$2:$R$95,2,0)="Used",VLOOKUP(F88,$G$2:$R$95,3,0)) -> #N/A | B88: =IF(VLOOKUP(F88,$G$2:$R$95,2,0)="Used",VLOOKUP(F88,$G$2:$R$95,4,0)) -> #N/A | C88: 7173 | D88: 00000269 | E88: Im Total kWh | F88: =C88-1 -> 7172 | G88: 7052 | H88: Used | I88: Peak Active power A | J88: 86 | K88: float | L88: AI | M88: 0.001 | N88: 0 | O88: Peak Active power A | P88: 7052 | Q88: 3 | R88: FLOAT
A89: =IF(VLOOKUP(F89,$G$2:$R$95,2,0)="Used",VLOOKUP(F89,$G$2:$R$95,3,0)) -> Peak Reactive Power | B89: =IF(VLOOKUP(F89,$G$2:$R$95,2,0)="Used",VLOOKUP(F89,$G$2:$R$95,4,0)) -> 89 | C89: 7175 | D89: 00001129 | E89: Ex PV KVarh | F89: =C89-1 -> 7174 | G89: 7054 | H89: Used | I89: Peak Active power B | J89: 87 | K89: float | L89: AI | M89: 0.001 | N89: 0 | O89: Peak Active power B | P89: 7054 | Q89: 3 | R89: FLOAT
A90: =IF(VLOOKUP(F90,$G$2:$R$95,2,0)="Used",VLOOKUP(F90,$G$2:$R$95,3,0)) -> #N/A | B90: =IF(VLOOKUP(F90,$G$2:$R$95,2,0)="Used",VLOOKUP(F90,$G$2:$R$95,4,0)) -> #N/A | C90: 7177 | D90: 00008129 | E90: Ex PV KVarh Time | F90: =C90-1 -> 7176 | G90: 7056 | H90: Used | I90: Peak Active power C | J90: 88 | K90: float | L90: AI | M90: 0.001 | N90: 0 | O90: Peak Active power C | P90: 7056 | Q90: 3 | R90: FLOAT
A91: =IF(VLOOKUP(F91,$G$2:$R$95,2,0)="Used",VLOOKUP(F91,$G$2:$R$95,3,0),"") | B91: =IF(VLOOKUP(F91,$G$2:$R$95,2,0)="Used",VLOOKUP(F91,$G$2:$R$95,4,0)) -> FALSE | C91: 7181 | D91: 00001149 | E91: Ex Total kVAr | F91: =C91-1 -> 7180 | G91: 7174 | H91: Used | I91: Peak Reactive Power | J91: 89 | K91: float | L91: AI | M91: 0.001 | N91: 0 | O91: Peak Reactive Power | P91: 7174 | Q91: 3 | R91: FLOAT
A92: =IF(VLOOKUP(F92,$G$2:$R$95,2,0)="Used",VLOOKUP(F92,$G$2:$R$95,3,0)) -> FALSE | B92: =IF(VLOOKUP(F92,$G$2:$R$95,2,0)="Used",VLOOKUP(F92,$G$2:$R$95,4,0)) -> FALSE | C92: 7183 | D92: 0000F032 | E92: NB Reset | F92: =C92-1 -> 7182 | G92: 7180 | I92: Ex_Total_kVAr | J92: 90 | K92: float | L92: AI | M92: 0.001 | N92: 0 | O92: Ex_Total_kVAr | P92: 7180 | Q92: 3 | R92: FLOAT
A93: =IF(VLOOKUP(F93,$G$2:$R$95,2,0)="Used",VLOOKUP(F93,$G$2:$R$95,3,0)) -> #N/A | B93: =IF(VLOOKUP(F93,$G$2:$R$95,2,0)="Used",VLOOKUP(F93,$G$2:$R$95,4,0)) -> #N/A | C93: 7185 | D93: 00008020 | E93: Ex PV kW A Time | F93: =C93-1 -> 7184 | G93: 7182 | I93: No_of_Reset | J93: 91 | K93: float | L93: AI | M93: 1 | N93: 0 | O93: No_of_Reset | P93: 7182 | Q93: 3 | R93: SHORT
A94: =IF(VLOOKUP(F94,$G$2:$R$95,2,0)="Used",VLOOKUP(F94,$G$2:$R$95,3,0)) -> #N/A | B94: =IF(VLOOKUP(F94,$G$2:$R$95,2,0)="Used",VLOOKUP(F94,$G$2:$R$95,4,0)) -> #N/A | C94: 7189 | D94: 00008021 | E94: Ex PV kW B Time | F94: =C94-1 -> 7188 | G94: 7186 | I94: Peak_Time_A_1 | J94: 92 | K94: float | L94: AI | M94: 1 | N94: 0 | O94: Peak_Time_A_1 | P94: 7186 | Q94: 3 | R94: DOUBLE
A95: =IF(VLOOKUP(F95,$G$2:$R$95,2,0)="Used",VLOOKUP(F95,$G$2:$R$95,3,0)) -> #N/A | B95: =IF(VLOOKUP(F95,$G$2:$R$95,2,0)="Used",VLOOKUP(F95,$G$2:$R$95,4,0)) -> #N/A | C95: 7193 | D95: 00008022 | E95: Ex PV kW C Time | F95: =C95-1 -> 7192

Sheet TOP2
A1: Check | C1: METER | G1: Enos
A2: =IF(VLOOKUP(F2,$G$2:$R$96,2,0)="Used",VLOOKUP(F2,$G$2:$R$96,3,0)) -> Inst_kW | B2: =IF(VLOOKUP(F2,$G$2:$R$96,2,0)="Used",VLOOKUP(F2,$G$2:$R$96,4,0)) -> 0 | C2: 7001 | D2: 0000E033 | E2: Inst kW | F2: =C2-1 -> 7000 | G2: 7000 | H2: Used | I2: Inst_kW | J2: 0 | K2: float | L2: AI | M2: 0.001 | N2: 0 | O2: Inst_kW | P2: 7000 | Q2: 3 | R2: FLOAT
A3: =IF(VLOOKUP(F3,$G$2:$R$96,2,0)="Used",VLOOKUP(F3,$G$2:$R$96,3,0)) -> Inst_kVAr | B3: =IF(VLOOKUP(F3,$G$2:$R$96,2,0)="Used",VLOOKUP(F3,$G$2:$R$96,4,0)) -> 1 | C3: 7003 | D3: 0000E043 | E3: Inst kVAr | F3: =C3-1 -> 7002 | G3: 7002 | H3: Used | I3: Inst_kVAr | J3: 1 | K3: float | L3: AI | M3: 0.001 | N3: 0 | O3: Inst_kVAr | P3: 7002 | Q3: 3 | R3: FLOAT
A4: =IF(VLOOKUP(F4,$G$2:$R$96,2,0)="Used",VLOOKUP(F4,$G$2:$R$96,3,0)) -> Ex_Total_kWh | B4: =IF(VLOOKUP(F4,$G$2:$R$96,2,0)="Used",VLOOKUP(F4,$G$2:$R$96,4,0)) -> 2 | C4: 7005 | D4: 00000069 | E4: Ex Total kWh | F4: =C4-1 -> 7004 | G4: 7004 | H4: Used | I4: Ex_Total_kWh | J4: 2 | K4: float | L4: AI | M4: 0.001 | N4: 0 | O4: Ex_Total_kWh | P4: 7004 | Q4: 3 | R4: FLOAT
A5: =IF(VLOOKUP(F5,$G$2:$R$96,2,0)="Used",VLOOKUP(F5,$G$2:$R$96,3,0)) -> Ex_kWh_RateA | B5: =IF(VLOOKUP(F5,$G$2:$R$96,2,0)="Used",VLOOKUP(F5,$G$2:$R$96,4,0)) -> 3 | C5: 7007 | D5: 00000000 | E5: Ex kWh RateA | F5: =C5-1 -> 7006 | G5: 7006 | H5: Used | I5: Ex_kWh_RateA | J5: 3 | K5: float | L5: AI | M5: 0.001 | N5: 0 | O5: Ex_kWh_RateA | P5: 7006 | Q5: 3 | R5: FLOAT
A6: =IF(VLOOKUP(F6,$G$2:$R$96,2,0)="Used",VLOOKUP(F6,$G$2:$R$96,3,0)) -> Ex_kWh_RateB | B6: =IF(VLOOKUP(F6,$G$2:$R$96,2,0)="Used",VLOOKUP(F6,$G$2:$R$96,4,0)) -> 4 | C6: 7009 | D6: 00000001 | E6: Ex kWh RateB | F6: =C6-1 -> 7008 | G6: 7008 | H6: Used | I6: Ex_kWh_RateB | J6: 4 | K6: float | L6: AI | M6: 0.001 | N6: 0 | O6: Ex_kWh_RateB | P6: 7008 | Q6: 3 | R6: FLOAT
A7: =IF(VLOOKUP(F7,$G$2:$R$96,2,0)="Used",VLOOKUP(F7,$G$2:$R$96,3,0)) -> Ex_kWh_RateC | B7: =IF(VLOOKUP(F7,$G$2:$R$96,2,0)="Used",VLOOKUP(F7,$G$2:$R$96,4,0)) -> 5 | C7: 7011 | D7: 00000002 | E7: Ex kWh RateC | F7: =C7-1 -> 7010 | G7: 7010 | H7: Used | I7: Ex_kWh_RateC | J7: 5 | K7: float | L7: AI | M7: 0.001 | N7: 0 | O7: Ex_kWh_RateC | P7: 7010 | Q7: 3 | R7: FLOAT
A8: =IF(VLOOKUP(F8,$G$2:$R$96,2,0)="Used",VLOOKUP(F8,$G$2:$R$96,3,0)) -> FALSE | B8: =IF(VLOOKUP(F8,$G$2:$R$96,2,0)="Used",VLOOKUP(F8,$G$2:$R$96,4,0)) -> FALSE | C8: 7013 | D8: 00001000 | E8: Ex Max kW A | F8: =C8-1 -> 7012 | G8: 7012 | I8: Ex_Max_kW_A | J8: 6 | K8: float | L8: AI | M8: 0.001 | N8: 0 | O8: Ex_Max_kW_A | P8: 7012 | Q8: 3 | R8: FLOAT
A9: =IF(VLOOKUP(F9,$G$2:$R$96,2,0)="Used",VLOOKUP(F9,$G$2:$R$96,3,0)) -> FALSE | B9: =IF(VLOOKUP(F9,$G$2:$R$96,2,0)="Used",VLOOKUP(F9,$G$2:$R$96,4,0)) -> FALSE | C9: 7015 | D9: 00001001 | E9: Ex Max kW B | F9: =C9-1 -> 7014 | G9: 7014 | I9: Ex_Max_kW_B | J9: 7 | K9: float | L9: AI | M9: 0.001 | N9: 0 | O9: Ex_Max_kW_B | P9: 7014 | Q9: 3 | R9: FLOAT
A10: =IF(VLOOKUP(F10,$G$2:$R$96,2,0)="Used",VLOOKUP(F10,$G$2:$R$96,3,0)) -> FALSE | B10: =IF(VLOOKUP(F10,$G$2:$R$96,2,0)="Used",VLOOKUP(F10,$G$2:$R$96,4,0)) -> FALSE | C10: 7017 | D10: 00001002 | E10: Ex Max kW C | F10: =C10-1 -> 7016 | G10: 7016 | I10: Ex_Max_kW_C | J10: 8 | K10: float | L10: AI | M10: 0.001 | N10: 0 | O10: Ex_Max_kW_C | P10: 7016 | Q10: 3 | R10: FLOAT
A11: =IF(VLOOKUP(F11,$G$2:$R$96,2,0)="Used",VLOOKUP(F11,$G$2:$R$96,3,0)) -> FALSE | B11: =IF(VLOOKUP(F11,$G$2:$R$96,2,0)="Used",VLOOKUP(F11,$G$2:$R$96,4,0)) -> FALSE | C11: 7019 | D11: 00001040 | E11: Ex kW-Cum A | F11: =C11-1 -> 7018 | G11: 7018 | I11: Ex_kW_Cum_A | J11: 9 | K11: float | L11: AI | M11: 0.001 | N11: 0 | O11: Ex_kW_Cum_A | P11: 7018 | Q11: 3 | R11: FLOAT
A12: =IF(VLOOKUP(F12,$G$2:$R$96,2,0)="Used",VLOOKUP(F12,$G$2:$R$96,3,0)) -> FALSE | B12: =IF(VLOOKUP(F12,$G$2:$R$96,2,0)="Used",VLOOKUP(F12,$G$2:$R$96,4,0)) -> FALSE | C12: 7021 | D12: 00001041 | E12: Ex kW-Cum B | F12: =C12-1 -> 7020 | G12: 7020 | I12: Ex_kW_Cum_B | J12: 10 | K12: float | L12: AI | M12: 0.001 | N12: 0 | O12: Ex_kW_Cum_B | P12: 7020 | Q12: 3 | R12: FLOAT
A13: =IF(VLOOKUP(F13,$G$2:$R$96,2,0)="Used",VLOOKUP(F13,$G$2:$R$96,3,0)) -> FALSE | B13: =IF(VLOOKUP(F13,$G$2:$R$96,2,0)="Used",VLOOKUP(F13,$G$2:$R$96,4,0)) -> FALSE | C13: 7023 | D13: 00001042 | E13: Ex kW-Cum C | F13: =C13-1 -> 7022 | G13: 7022 | I13: Ex_kW_Cum_C | J13: 11 | K13: float | L13: AI | M13: 0.001 | N13: 0 | O13: Ex_kW_Cum_C | P13: 7022 | Q13: 3 | R13: FLOAT
A14: =IF(VLOOKUP(F14,$G$2:$R$96,2,0)="Used",VLOOKUP(F14,$G$2:$R$96,3,0)) -> Ex_Total_kVArh | B14: =IF(VLOOKUP(F14,$G$2:$R$96,2,0)="Used",VLOOKUP(F14,$G$2:$R$96,4,0)) -> 12 | C14: 7025 | D14: 00000169 | E14: Ex Total kVArh | F14: =C14-1 -> 7024 | G14: 7024 | H14: Used | I14: Ex_Total_kVArh | J14: 12 | K14: float | L14: AI | M14: 0.001 | N14: 0 | O14: Ex_Total_kVArh | P14: 7024 | Q14: 3 | R14: FLOAT
A15: =IF(VLOOKUP(F15,$G$2:$R$96,2,0)="Used",VLOOKUP(F15,$G$2:$R$96,3,0)) -> FALSE | B15: =IF(VLOOKUP(F15,$G$2:$R$96,2,0)="Used",VLOOKUP(F15,$G$2:$R$96,4,0)) -> FALSE | C15: 7027 | D15: 00000160 | E15: Ex kVArh A | F15: =C15-1 -> 7026 | G15: 7026 | I15: Ex_kVArh_RateA | J15: 13 | K15: float | L15: AI | M15: 0.001 | N15: 0 | O15: Ex_kVArh_RateA | P15: 7026 | Q15: 3 | R15: FLOAT
A16: =IF(VLOOKUP(F16,$G$2:$R$96,2,0)="Used",VLOOKUP(F16,$G$2:$R$96,3,0)) -> FALSE | B16: =IF(VLOOKUP(F16,$G$2:$R$96,2,0)="Used",VLOOKUP(F16,$G$2:$R$96,4,0)) -> FALSE | C16: 7029 | D16: 00000161 | E16: Ex kVArh B | F16: =C16-1 -> 7028 | G16: 7028 | I16: Ex_kVArh_RateB | J16: 14 | K16: float | L16: AI | M16: 0.001 | N16: 0 | O16: Ex_kVArh_RateB | P16: 7028 | Q16: 3 | R16: FLOAT
A17: =IF(VLOOKUP(F17,$G$2:$R$96,2,0)="Used",VLOOKUP(F17,$G$2:$R$96,3,0)) -> FALSE | B17: =IF(VLOOKUP(F17,$G$2:$R$96,2,0)="Used",VLOOKUP(F17,$G$2:$R$96,4,0)) -> FALSE | C17: 7031 | D17: 00000162 | E17: Ex kVArh C | F17: =C17-1 -> 7030 | G17: 7030 | I17: Ex_kVArh_RateC | J17: 15 | K17: float | L17: AI | M17: 0.001 | N17: 0 | O17: Ex_kVArh_RateC | P17: 7030 | Q17: 3 | R17: FLOAT
A18: =IF(VLOOKUP(F18,$G$2:$R$96,2,0)="Used",VLOOKUP(F18,$G$2:$R$96,3,0)) -> FALSE | B18: =IF(VLOOKUP(F18,$G$2:$R$96,2,0)="Used",VLOOKUP(F18,$G$2:$R$96,4,0)) -> FALSE | C18: 7033 | D18: 00001100 | E18: Ex Max kVArh A | F18: =C18-1 -> 7032 | G18: 7032 | I18: Ex_Max_kVAr_A | J18: 16 | K18: float | L18: AI | M18: 0.001 | N18: 0 | O18: Ex_Max_kVAr_A | P18: 7032 | Q18: 3 | R18: FLOAT
A19: =IF(VLOOKUP(F19,$G$2:$R$96,2,0)="Used",VLOOKUP(F19,$G$2:$R$96,3,0)) -> FALSE | B19: =IF(VLOOKUP(F19,$G$2:$R$96,2,0)="Used",VLOOKUP(F19,$G$2:$R$96,4,0)) -> FALSE | C19: 7035 | D19: 00001101 | E19: Ex Max kVArh B | F19: =C19-1 -> 7034 | G19: 7034 | I19: Ex_Max_kVAr_B | J19: 17 | K19: float | L19: AI | M19: 0.001 | N19: 0 | O19: Ex_Max_kVAr_B | P19: 7034 | Q19: 3 | R19: FLOAT
A20: =IF(VLOOKUP(F20,$G$2:$R$96,2,0)="Used",VLOOKUP(F20,$G$2:$R$96,3,0)) -> FALSE | B20: =IF(VLOOKUP(F20,$G$2:$R$96,2,0)="Used",VLOOKUP(F20,$G$2:$R$96,4,0)) -> FALSE | C20: 7037 | D20: 00001102 | E20: Ex Max kVArh C | F20: =C20-1 -> 7036 | G20: 7036 | I20: Ex_Max_kVAr_C | J20: 18 | K20: float | L20: AI | M20: 0.001 | N20: 0 | O20: Ex_Max_kVAr_C | P20: 7036 | Q20: 3 | R20: FLOAT
A21: =IF(VLOOKUP(F21,$G$2:$R$96,2,0)="Used",VLOOKUP(F21,$G$2:$R$96,3,0)) -> FALSE | B21: =IF(VLOOKUP(F21,$G$2:$R$96,2,0)="Used",VLOOKUP(F21,$G$2:$R$96,4,0)) -> FALSE | C21: 7039 | D21: 00000140 | E21: Ex kVArh-Cum A | F21: =C21-1 -> 7038 | G21: 7038 | I21: Ex_kVAr_Cum_A | J21: 19 | K21: float | L21: AI | M21: 0.001 | N21: 0 | O21: Ex_kVAr_Cum_A | P21: 7038 | Q21: 3 | R21: FLOAT
A22: =IF(VLOOKUP(F22,$G$2:$R$96,2,0)="Used",VLOOKUP(F22,$G$2:$R$96,3,0)) -> FALSE | B22: =IF(VLOOKUP(F22,$G$2:$R$96,2,0)="Used",VLOOKUP(F22,$G$2:$R$96,4,0)) -> FALSE | C22: 7041 | D22: 00000141 | E22: Ex kVArh-Cum B | F22: =C22-1 -> 7040 | G22: 7040 | I22: Ex_kVAr_Cum_B | J22: 20 | K22: float | L22: AI | M22: 0.001 | N22: 0 | O22: Ex_kVAr_Cum_B | P22: 7040 | Q22: 3 | R22: FLOAT
A23: =IF(VLOOKUP(F23,$G$2:$R$96,2,0)="Used",VLOOKUP(F23,$G$2:$R$96,3,0)) -> FALSE | B23: =IF(VLOOKUP(F23,$G$2:$R$96,2,0)="Used",VLOOKUP(F23,$G$2:$R$96,4,0)) -> FALSE | C23: 7043 | D23: 00000142 | E23: Ex kVArh-Cum C | F23: =C23-1 -> 7042 | G23: 7042 | I23: Ex_kVAr_Cum_C | J23: 21 | K23: float | L23: AI | M23: 0.001 | N23: 0 | O23: Ex_kVAr_Cum_C | P23: 7042 | Q23: 3 | R23: FLOAT
A24: =IF(VLOOKUP(F24,$G$2:$R$96,2,0)="Used",VLOOKUP(F24,$G$2:$R$96,3,0)) -> FALSE | B24: =IF(VLOOKUP(F24,$G$2:$R$96,2,0)="Used",VLOOKUP(F24,$G$2:$R$96,4,0)) -> FALSE | C24: 7045 | D24: 00000049 | E24: Ex BT Total kWh | F24: =C24-1 -> 7044 | G24: 7044 | I24: Ex_BT_Total_kWh | J24: 22 | K24: float | L24: AI | M24: 0.001 | N24: 0 | O24: Ex_BT_Total_kWh | P24: 7044 | Q24: 3 | R24: FLOAT
A25: =IF(VLOOKUP(F25,$G$2:$R$96,2,0)="Used",VLOOKUP(F25,$G$2:$R$96,3,0)) -> FALSE | B25: =IF(VLOOKUP(F25,$G$2:$R$96,2,0)="Used",VLOOKUP(F25,$G$2:$R$96,4,0)) -> FALSE | C25: 7047 | D25: 00000040 | E25: Ex BT kWhA | F25: =C25-1 -> 7046 | G25: 7046 | I25: Ex_BT_kWhA | J25: 23 | K25: float | L25: AI | M25: 0.001 | N25: 0 | O25: Ex_BT_kWhA | P25: 7046 | Q25: 3 | R25: FLOAT
A26: =IF(VLOOKUP(F26,$G$2:$R$96,2,0)="Used",VLOOKUP(F26,$G$2:$R$96,3,0)) -> FALSE | B26: =IF(VLOOKUP(F26,$G$2:$R$96,2,0)="Used",VLOOKUP(F26,$G$2:$R$96,4,0)) -> FALSE | C26: 7049 | D26: 00000041 | E26: Ex BT kWhB | F26: =C26-1 -> 7048 | G26: 7048 | I26: Ex_BT_kWhB | J26: 24 | K26: float | L26: AI | M26: 0.001 | N26: 0 | O26: Ex_BT_kWhB | P26: 7048 | Q26: 3 | R26: FLOAT
... A58: =IF(VLOOKUP(F58,$G$2:$R$96,2,0)="Used",VLOOKUP(F58,$G$2:$R$96,3,0)) -> FALSE | B58: =IF(VLOOKUP(F58,$G$2:$R$96,2,0)="Used",VLOOKUP(F58,$G$2:$R$96,4,0)) -> FALSE | C58: 7113 | D58: 0000E026 | E58: Power Factor | F58: =C58-1 -> 7112 | G58: 7112 | I58: Power_factor | J58: 56 | K58: float | L58: AI | M58: 1 | N58: 0 | O58: Power_factor | P58: 7112 | Q58: 3 | R58: FLOAT
A59: =IF(VLOOKUP(F59,$G$2:$R$96,2,0)="Used",VLOOKUP(F59,$G$2:$R$96,3,0)) -> Im_kWh_RateA | B59: =IF(VLOOKUP(F59,$G$2:$R$96,2,0)="Used",VLOOKUP(F59,$G$2:$R$96,4,0)) -> 57 | C59: 7115 | D59: 00000200 | E59: Im kWh RateA | F59: =C59-1 -> 7114 | G59: 7114 | H59: Used | I59: Im_kWh_RateA | J59: 57 | K59: float | L59: AI | M59: 0.001 | N59: 0 | O59: Im_kWh_RateA | P59: 7114 | Q59: 3 | R59: FLOAT
A60: =IF(VLOOKUP(F60,$G$2:$R$96,2,0)="Used",VLOOKUP(F60,$G$2:$R$96,3,0)) -> Im_kWh_RateB | B60: =IF(VLOOKUP(F60,$G$2:$R$96,2,0)="Used",VLOOKUP(F60,$G$2:$R$96,4,0)) -> 58 | C60: 7117 | D60: 00000201 | E60: Im kWh RateB | F60: =C60-1 -> 7116 | G60: 7116 | H60: Used | I60: Im_kWh_RateB | J60: 58 | K60: float | L60: AI | M60: 0.001 | N60: 0 | O60: Im_kWh_RateB | P60: 7116 | Q60: 3 | R60: FLOAT
A61: =IF(VLOOKUP(F61,$G$2:$R$96,2,0)="Used",VLOOKUP(F61,$G$2:$R$96,3,0)) -> Im_kWh_RateC | B61: =IF(VLOOKUP(F61,$G$2:$R$96,2,0)="Used",VLOOKUP(F61,$G$2:$R$96,4,0)) -> 59 | C61: 7119 | D61: 00000202 | E61: Im kWh RateC | F61: =C61-1 -> 7118 | G61: 7118 | H61: Used | I61: Im_kWh_RateC | J61: 59 | K61: float | L61: AI | M61: 0.001 | N61: 0 | O61: Im_kWh_RateC | P61: 7118 | Q61: 3 | R61: FLOAT
A62: =IF(VLOOKUP(F62,$G$2:$R$96,2,0)="Used",VLOOKUP(F62,$G$2:$R$96,3,0)) -> FALSE | B62: =IF(VLOOKUP(F62,$G$2:$R$96,2,0)="Used",VLOOKUP(F62,$G$2:$R$96,4,0)) -> FALSE | C62: 7121 | D62: 00001200 | E62: Im Max kW A | F62: =C62-1 -> 7120 | G62: 7120 | I62: Im_Max_kW_A | J62: 60 | K62: float | L62: AI | M62: 0.001 | N62: 0 | O62: Im_Max_kW_A | P62: 7120 | Q62: 3 | R62: FLOAT
A63: =IF(VLOOKUP(F63,$G$2:$R$96,2,0)="Used",VLOOKUP(F63,$G$2:$R$96,3,0)) -> FALSE | B63: =IF(VLOOKUP(F63,$G$2:$R$96,2,0)="Used",VLOOKUP(F63,$G$2:$R$96,4,0)) -> FALSE | C63: 7123 | D63: 00001201 | E63: Im Max kW B | F63: =C63-1 -> 7122 | G63: 7122 | I63: Im_Max_kW_B | J63: 61 | K63: float | L63: AI | M63: 0.001 | N63: 0 | O63: Im_Max_kW_B | P63: 7122 | Q63: 3 | R63: FLOAT
A64: =IF(VLOOKUP(F64,$G$2:$R$96,2,0)="Used",VLOOKUP(F64,$G$2:$R$96,3,0)) -> FALSE | B64: =IF(VLOOKUP(F64,$G$2:$R$96,2,0)="Used",VLOOKUP(F64,$G$2:$R$96,4,0)) -> FALSE | C64: 7125 | D64: 00001202 | E64: Im Max kW C | F64: =C64-1 -> 7124 | G64: 7124 | I64: Im_Max_kW_C | J64: 62 | K64: float | L64: AI | M64: 0.001 | N64: 0 | O64: Im_Max_kW_C | P64: 7124 | Q64: 3 | R64: FLOAT
A65: =IF(VLOOKUP(F65,$G$2:$R$96,2,0)="Used",VLOOKUP(F65,$G$2:$R$96,3,0)) -> Im_Total_kVArh | B65: =IF(VLOOKUP(F65,$G$2:$R$96,2,0)="Used",VLOOKUP(F65,$G$2:$R$96,4,0)) -> 63 | C65: 7127 | D65: 00000369 | E65: Im Total kVArh | F65: =C65-1 -> 7126 | G65: 7126 | H65: Used | I65: Im_Total_kVArh | J65: 63 | K65: float | L65: AI | M65: 0.001 | N65: 0 | O65: Im_Total_kVArh | P65: 7126 | Q65: 3 | R65: FLOAT
A66: =IF(VLOOKUP(F66,$G$2:$R$96,2,0)="Used",VLOOKUP(F66,$G$2:$R$96,3,0)) -> FALSE | B66: =IF(VLOOKUP(F66,$G$2:$R$96,2,0)="Used",VLOOKUP(F66,$G$2:$R$96,4,0)) -> FALSE | C66: 7129 | D66: 00000360 | E66: Im kVArh A | F66: =C66-1 -> 7128 | G66: 7128 | I66: Im_kVArh_RateA | J66: 64 | K66: float | L66: AI | M66: 0.001 | N66: 0 | O66: Im_kVArh_RateA | P66: 7128 | Q66: 3 | R66: FLOAT
A67: =IF(VLOOKUP(F67,$G$2:$R$96,2,0)="Used",VLOOKUP(F67,$G$2:$R$96,3,0)) -> FALSE | B67: =IF(VLOOKUP(F67,$G$2:$R$96,2,0)="Used",VLOOKUP(F67,$G$2:$R$96,4,0)) -> FALSE | C67: 7131 | D67: 00000361 | E67: Im kVArh B | F67: =C67-1 -> 7130 | G67: 7130 | I67: Im_kVArh_RateB | J67: 65 | K67: float | L67: AI | M67: 0.001 | N67: 0 | O67: Im_kVArh_RateB | P67: 7130 | Q67: 3 | R67: FLOAT
A68: =IF(VLOOKUP(F68,$G$2:$R$96,2,0)="Used",VLOOKUP(F68,$G$2:$R$96,3,0)) -> FALSE | B68: =IF(VLOOKUP(F68,$G$2:$R$96,2,0)="Used",VLOOKUP(F68,$G$2:$R$96,4,0)) -> FALSE | C68: 7133 | D68: 00000362 | E68: Im kVArh C | F68: =C68-1 -> 7132 | G68: 7132 | I68: Im_kVArh_RateC | J68: 66 | K68: float | L68: AI | M68: 0.001 | N68: 0 | O68: Im_kVArh_RateC | P68: 7132 | Q68: 3 | R68: FLOAT
A69: =IF(VLOOKUP(F69,$G$2:$R$96,2,0)="Used",VLOOKUP(F69,$G$2:$R$96,3,0)) -> FALSE | B69: =IF(VLOOKUP(F69,$G$2:$R$96,2,0)="Used",VLOOKUP(F69,$G$2:$R$96,4,0)) -> FALSE | C69: 7135 | D69: 00001300 | E69: Im Max kVArh A | F69: =C69-1 -> 7134 | G69: 7134 | I69: Im_Max_kVAr_A | J69: 67 | K69: float | L69: AI | M69: 0.001 | N69: 0 | O69: Im_Max_kVAr_A | P69: 7134 | Q69: 3 | R69: FLOAT
A70: =IF(VLOOKUP(F70,$G$2:$R$96,2,0)="Used",VLOOKUP(F70,$G$2:$R$96,3,0)) -> FALSE | B70: =IF(VLOOKUP(F70,$G$2:$R$96,2,0)="Used",VLOOKUP(F70,$G$2:$R$96,4,0)) -> FALSE | C70: 7137 | D70: 00001301 | E70: Im Max kVArh B | F70: =C70-1 -> 7136 | G70: 7136 | I70: Im_Max_kVAr_B | J70: 68 | K70: float | L70: AI | M70: 0.001 | N70: 0 | O70: Im_Max_kVAr_B | P70: 7136 | Q70: 3 | R70: FLOAT
A71: =IF(VLOOKUP(F71,$G$2:$R$96,2,0)="Used",VLOOKUP(F71,$G$2:$R$96,3,0)) -> FALSE | B71: =IF(VLOOKUP(F71,$G$2:$R$96,2,0)="Used",VLOOKUP(F71,$G$2:$R$96,4,0)) -> FALSE | C71: 7139 | D71: 00001302 | E71: Im Max kVArh C | F71: =C71-1 -> 7138 | G71: 7138 | I71: Im_Max_kVAr_C | J71: 69 | K71: float | L71: AI | M71: 0.001 | N71: 0 | O71: Im_Max_kVAr_C | P71: 7138 | Q71: 3 | R71: FLOAT
A72: =IF(VLOOKUP(F72,$G$2:$R$96,2,0)="Used",VLOOKUP(F72,$G$2:$R$96,3,0)) -> FALSE | B72: =IF(VLOOKUP(F72,$G$2:$R$96,2,0)="Used",VLOOKUP(F72,$G$2:$R$96,4,0)) -> FALSE | C72: 7141 | D72: 00000340 | E72: Im kVArh-CumA | F72: =C72-1 -> 7140 | G72: 7140 | I72: Im_kVAr_Cum_A | J72: 70 | K72: float | L72: AI | M72: 0.001 | N72: 0 | O72: Im_kVAr_Cum_A | P72: 7140 | Q72: 3 | R72: FLOAT
A73: =IF(VLOOKUP(F73,$G$2:$R$96,2,0)="Used",VLOOKUP(F73,$G$2:$R$96,3,0)) -> FALSE | B73: =IF(VLOOKUP(F73,$G$2:$R$96,2,0)="Used",VLOOKUP(F73,$G$2:$R$96,4,0)) -> FALSE | C73: 7143 | D73: 00000341 | E73: Im kVArh-CumB | F73: =C73-1 -> 7142 | G73: 7142 | I73: Im_kVAr_Cum_B | J73: 71 | K73: float | L73: AI | M73: 0.001 | N73: 0 | O73: Im_kVAr_Cum_B | P73: 7142 | Q73: 3 | R73: FLOAT
A74: =IF(VLOOKUP(F74,$G$2:$R$96,2,0)="Used",VLOOKUP(F74,$G$2:$R$96,3,0)) -> FALSE | B74: =IF(VLOOKUP(F74,$G$2:$R$96,2,0)="Used",VLOOKUP(F74,$G$2:$R$96,4,0)) -> FALSE | C74: 7145 | D74: 00000342 | E74: Im kVArh-CumC | F74: =C74-1 -> 7144 | G74: 7144 | I74: Im_kVAr_Cum_C | J74: 72 | K74: float | L74: AI | M74: 0.001 | N74: 0 | O74: Im_kVAr_Cum_C | P74: 7144 | Q74: 3 | R74: FLOAT
A75: =IF(VLOOKUP(F75,$G$2:$R$96,2,0)="Used",VLOOKUP(F75,$G$2:$R$96,3,0)) -> FALSE | B75: =IF(VLOOKUP(F75,$G$2:$R$96,2,0)="Used",VLOOKUP(F75,$G$2:$R$96,4,0)) -> FALSE | C75: 7147 | D75: 00000249 | E75: Im BT Total kWh | F75: =C75-1 -> 7146 | G75: 7146 | I75: Im_BT_Total_kWh | J75: 73 | K75: float | L75: AI | M75: 0.001 | N75: 0 | O75: Im_BT_Total_kWh | P75: 7146 | Q75: 3 | R75: FLOAT
A76: =IF(VLOOKUP(F76,$G$2:$R$96,2,0)="Used",VLOOKUP(F76,$G$2:$R$96,3,0)) -> FALSE | B76: =IF(VLOOKUP(F76,$G$2:$R$96,2,0)="Used",VLOOKUP(F76,$G$2:$R$96,4,0)) -> FALSE | C76: 7149 | D76: 00000240 | E76: Im BT kWh A | F76: =C76-1 -> 7148 | G76: 7148 | I76: Im_BT_kWhA | J76: 74 | K76: float | L76: AI | M76: 0.001 | N76: 0 | O76: Im_BT_kWhA | P76: 7148 | Q76: 3 | R76: FLOAT
A77: =IF(VLOOKUP(F77,$G$2:$R$96,2,0)="Used",VLOOKUP(F77,$G$2:$R$96,3,0)) -> FALSE | B77: =IF(VLOOKUP(F77,$G$2:$R$96,2,0)="Used",VLOOKUP(F77,$G$2:$R$96,4,0)) -> FALSE | C77: 7151 | D77: 00000241 | E77: Im BT kWh B | F77: =C77-1 -> 7150 | G77: 7150 | I77: Im_BT_kWhB | J77: 75 | K77: float | L77: AI | M77: 0.001 | N77: 0 | O77: Im_BT_kWhB | P77: 7150 | Q77: 3 | R77: FLOAT
... A87: =IF(VLOOKUP(F87,$G$2:$R$96,2,0)="Used",VLOOKUP(F87,$G$2:$R$96,3,0)) -> FALSE | B87: =IF(VLOOKUP(F87,$G$2:$R$96,2,0)="Used",VLOOKUP(F87,$G$2:$R$96,4,0)) -> FALSE | C87: 7171 | D87: 00000369 | E87: Im kVAr-Cum | F87: =C87-1 -> 7170 | G87: 7170 | I87: Im_kVAr_Cum | J87: 85 | K87: float | L87: AI | M87: 0.001 | N87: 0 | O87: Im_kVAr_Cum | P87: 7170 | Q87: 3 | R87: FLOAT
A88: =IF(VLOOKUP(F88,$G$2:$R$96,2,0)="Used",VLOOKUP(F88,$G$2:$R$96,3,0)) -> #N/A | B88: =IF(VLOOKUP(F88,$G$2:$R$96,2,0)="Used",VLOOKUP(F88,$G$2:$R$96,4,0)) -> #N/A | C88: 7173 | D88: 00000269 | E88: Im Total kWh | F88: =C88-1 -> 7172 | G88: 7052 | H88: Used | I88: Peak Active power A | J88: 86 | K88: float | L88: AI | M88: 0.001 | N88: 0 | O88: Peak Active power A | P88: 7052 | Q88: 3 | R88: FLOAT
A89: =IF(VLOOKUP(F89,$G$2:$R$96,2,0)="Used",VLOOKUP(F89,$G$2:$R$96,3,0)) -> Peak Reactive Power | B89: =IF(VLOOKUP(F89,$G$2:$R$96,2,0)="Used",VLOOKUP(F89,$G$2:$R$96,4,0)) -> 89 | C89: 7175 | D89: 00001129 | E89: Ex PV KVarh | F89: =C89-1 -> 7174 | G89: 7054 | H89: Used | I89: Peak Active power B | J89: 87 | K89: float | L89: AI | M89: 0.001 | N89: 0 | O89: Peak Active power B | P89: 7054 | Q89: 3 | R89: FLOAT
A90: =IF(VLOOKUP(F90,$G$2:$R$96,2,0)="Used",VLOOKUP(F90,$G$2:$R$96,3,0)) -> #N/A | B90: =IF(VLOOKUP(F90,$G$2:$R$96,2,0)="Used",VLOOKUP(F90,$G$2:$R$96,4,0)) -> #N/A | C90: 7177 | D90: 00001129 | E90: Ex PV KVarh | F90: =C90-1 -> 7176 | G90: 7056 | H90: Used | I90: Peak Active power C | J90: 88 | K90: float | L90: AI | M90: 0.001 | N90: 0 | O90: Peak Active power C | P90: 7056 | Q90: 3 | R90: FLOAT
A91: =IF(VLOOKUP(F91,$G$2:$R$96,2,0)="Used",VLOOKUP(F91,$G$2:$R$96,3,0)) -> #N/A | B91: =IF(VLOOKUP(F91,$G$2:$R$96,2,0)="Used",VLOOKUP(F91,$G$2:$R$96,4,0)) -> #N/A | C91: 7179 | D91: 00008129 | E91: Ex PV KVarh Time | F91: =C91-1 -> 7178 | G91: 7174 | H91: Used | I91: Peak Reactive Power | J91: 89 | K91: float | L91: AI | M91: 0.001 | N91: 0 | O91: Peak Reactive Power | P91: 7174 | Q91: 3 | R91: FLOAT
A92: =IF(VLOOKUP(F92,$G$2:$R$96,2,0)="Used",VLOOKUP(F92,$G$2:$R$96,3,0)) -> FALSE | B92: =IF(VLOOKUP(F92,$G$2:$R$96,2,0)="Used",VLOOKUP(F92,$G$2:$R$96,4,0)) -> FALSE | C92: 7181 | D92: 00008129 | E92: Ex PV KVarh Time | F92: =C92-1 -> 7180 | G92: 7180 | I92: Ex_Total_kVAr | J92: 90 | K92: float | L92: AI | M92: 0.001 | N92: 0 | O92: Ex_Total_kVAr | P92: 7180 | Q92: 3 | R92: FLOAT
A93: =IF(VLOOKUP(F93,$G$2:$R$96,2,0)="Used",VLOOKUP(F93,$G$2:$R$96,3,0)) -> FALSE | B93: =IF(VLOOKUP(F93,$G$2:$R$96,2,0)="Used",VLOOKUP(F93,$G$2:$R$96,4,0)) -> FALSE | C93: 7183 | D93: 00001149 | E93: Ex Total kVAr | F93: =C93-1 -> 7182 | G93: 7182 | I93: No_of_Reset | J93: 91 | K93: float | L93: AI | M93: 1 | N93: 0 | O93: No_of_Reset | P93: 7182 | Q93: 3 | R93: SHORT
A94: =IF(VLOOKUP(F94,$G$2:$R$96,2,0)="Used",VLOOKUP(F94,$G$2:$R$96,3,0)) -> #N/A | B94: =IF(VLOOKUP(F94,$G$2:$R$96,2,0)="Used",VLOOKUP(F94,$G$2:$R$96,4,0)) -> #N/A | C94: 7185 | D94: 0000F032 | E94: NB Reset | F94: =C94-1 -> 7184 | G94: 7186 | I94: Peak_Time_A_1 | J94: 92 | K94: float | L94: AI | M94: 1 | N94: 0 | O94: Peak_Time_A_1 | P94: 7186 | Q94: 3 | R94: DOUBLE
A95: =IF(VLOOKUP(F95,$G$2:$R$96,2,0)="Used",VLOOKUP(F95,$G$2:$R$96,3,0)) -> FALSE | B95: =IF(VLOOKUP(F95,$G$2:$R$96,2,0)="Used",VLOOKUP(F95,$G$2:$R$96,4,0)) -> FALSE | C95: 7187 | D95: 00008020 | E95: Ex PV kW A Time | F95: =C95-1 -> 7186
A96: =IF(VLOOKUP(F96,$G$2:$R$96,2,0)="Used",VLOOKUP(F96,$G$2:$R$96,3,0)) -> #N/A | B96: =IF(VLOOKUP(F96,$G$2:$R$96,2,0)="Used",VLOOKUP(F96,$G$2:$R$96,4,0)) -> #N/A | C96: 7191 | D96: 00008021 | E96: Ex PV kW B Time | F96: =C96-1 -> 7190
A97: =IF(VLOOKUP(F97,$G$2:$R$96,2,0)="Used",VLOOKUP(F97,$G$2:$R$96,3,0)) -> #N/A | B97: =IF(VLOOKUP(F97,$G$2:$R$96,2,0)="Used",VLOOKUP(F97,$G$2:$R$96,4,0)) -> #N/A | C97: 7195 | D97: 00008022 | E97: Ex PV kW C Time | F97: =C97-1 -> 7194
A98: =IF(VLOOKUP(F98,$G$2:$R$96,2,0)="Used",VLOOKUP(F98,$G$2:$R$96,3,0)) -> #N/A | B98: =IF(VLOOKUP(F98,$G$2:$R$96,2,0)="Used",VLOOKUP(F98,$G$2:$R$96,4,0)) -> #N/A | C98: 7199 | D98: 0000FC00 | E98: DT of Reset | F98: =C98-1 -> 7198

Sheet PTTMRB
A1: Check | C1: METER | G1: Enos
A2: =IF(VLOOKUP(F2,$G$2:$R$96,2,0)="Used",VLOOKUP(F2,$G$2:$R$96,3,0)) -> Ex Total kWh | B2: =IF(VLOOKUP(F2,$G$2:$R$96,2,0)="Used",VLOOKUP(F2,$G$2:$R$96,4,0)) -> 9 | C2: 7001 | D2: 00000069 | E2: Ex Total kWh | F2: =C2-1 -> 7000 | G2: 7040 | I2: A-B line voltage | J2: 1 | K2: float | L2: AI | M2: 1 | N2: 0 | O2: EMT.VolL1 | P2: 7040 | Q2: 3 | R2: FLOAT
A3: =IF(VLOOKUP(F3,$G$2:$R$96,2,0)="Used",VLOOKUP(F3,$G$2:$R$96,3,0)) -> Ex_kWh_RateA | B3: =IF(VLOOKUP(F3,$G$2:$R$96,2,0)="Used",VLOOKUP(F3,$G$2:$R$96,4,0)) -> 19 | C3: 7003 | D3: 00000060 | E3: Ex kWh RateA | F3: =C3-1 -> 7002 | G3: 7042 | I3: B-C line voltage | J3: 2 | K3: float | L3: AI | M3: 1 | N3: 0 | O3: EMT.VolL2 | P3: 7042 | Q3: 3 | R3: FLOAT
A4: =IF(VLOOKUP(F4,$G$2:$R$96,2,0)="Used",VLOOKUP(F4,$G$2:$R$96,3,0)) -> Ex_kWh_RateB | B4: =IF(VLOOKUP(F4,$G$2:$R$96,2,0)="Used",VLOOKUP(F4,$G$2:$R$96,4,0)) -> 20 | C4: 7005 | D4: 00000061 | E4: Ex kWh RateB | F4: =C4-1 -> 7004 | G4: 7044 | I4: C-A line voltage | J4: 3 | K4: float | L4: AI | M4: 1 | N4: 0 | O4: EMT.VolL3 | P4: 7044 | Q4: 3 | R4: FLOAT
A5: =IF(VLOOKUP(F5,$G$2:$R$96,2,0)="Used",VLOOKUP(F5,$G$2:$R$96,3,0)) -> Ex_kWh_RateC | B5: =IF(VLOOKUP(F5,$G$2:$R$96,2,0)="Used",VLOOKUP(F5,$G$2:$R$96,4,0)) -> 21 | C5: 7007 | D5: 00000062 | E5: Ex kWh RateC | F5: =C5-1 -> 7006 | G5: 7046 | H5: Used | I5: Phase A current | J5: 4 | K5: float | L5: AI | M5: 1 | N5: 0 | O5: EMT.CurPh1 | P5: 7046 | Q5: 3 | R5: FLOAT
A6: =IF(VLOOKUP(F6,$G$2:$R$96,2,0)="Used",VLOOKUP(F6,$G$2:$R$96,3,0)) -> Peak Active power A | B6: =IF(VLOOKUP(F6,$G$2:$R$96,2,0)="Used",VLOOKUP(F6,$G$2:$R$96,4,0)) -> 15 | C6: 7009 | D6: 00001000 | E6: Ex Max kW A | F6: =C6-1 -> 7008 | G6: 7048 | H6: Used | I6: Phase B current | J6: 5 | K6: float | L6: AI | M6: 1 | N6: 0 | O6: EMT.CurPh2 | P6: 7048 | Q6: 3 | R6: FLOAT
A7: =IF(VLOOKUP(F7,$G$2:$R$96,2,0)="Used",VLOOKUP(F7,$G$2:$R$96,3,0)) -> Peak Active power B | B7: =IF(VLOOKUP(F7,$G$2:$R$96,2,0)="Used",VLOOKUP(F7,$G$2:$R$96,4,0)) -> 16 | C7: 7011 | D7: 00001001 | E7: Ex Max kW B | F7: =C7-1 -> 7010 | G7: 7050 | H7: Used | I7: Phase C current | J7: 6 | K7: float | L7: AI | M7: 1 | N7: 0 | O7: EMT.CurPh3 | P7: 7050 | Q7: 3 | R7: FLOAT
A8: =IF(VLOOKUP(F8,$G$2:$R$96,2,0)="Used",VLOOKUP(F8,$G$2:$R$96,3,0)) -> Peak Active power C | B8: =IF(VLOOKUP(F8,$G$2:$R$96,2,0)="Used",VLOOKUP(F8,$G$2:$R$96,4,0)) -> 17 | C8: 7013 | D8: 00001002 | E8: Ex Max kW C | F8: =C8-1 -> 7012 | G8: 7058 | I8: Frequency | J8: 7 | K8: float | L8: AI | M8: 1 | N8: 0 | O8: Frequency | P8: 7058 | Q8: 3 | R8: FLOAT
A9: =IF(VLOOKUP(F9,$G$2:$R$96,2,0)="Used",VLOOKUP(F9,$G$2:$R$96,3,0)) -> #N/A | B9: =IF(VLOOKUP(F9,$G$2:$R$96,2,0)="Used",VLOOKUP(F9,$G$2:$R$96,4,0)) -> #N/A | C9: 7015 | D9: 00001040 | E9: Ex kW-Cum A | F9: =C9-1 -> 7014 | G9: 7060 | H9: Used | I9: Power Factor | J9: 8 | K9: float | L9: AI | M9: 1 | N9: 0 | O9: Power Factor | P9: 7060 | Q9: 3 | R9: FLOAT
A10: =IF(VLOOKUP(F10,$G$2:$R$96,2,0)="Used",VLOOKUP(F10,$G$2:$R$96,3,0)) -> #N/A | B10: =IF(VLOOKUP(F10,$G$2:$R$96,2,0)="Used",VLOOKUP(F10,$G$2:$R$96,4,0)) -> #N/A | C10: 7017 | D10: 00001041 | E10: Ex kW-Cum B | F10: =C10-1 -> 7016 | G10: 7000 | H10: Used | I10: Ex Total kWh | J10: 9 | K10: float | L10: AI | M10: 0.001 | N10: 0 | O10: EMT.APProductionKWH | P10: 7000 | Q10: 3 | R10: FLOAT
A11: =IF(VLOOKUP(F11,$G$2:$R$96,2,0)="Used",VLOOKUP(F11,$G$2:$R$96,3,0)) -> #N/A | B11: =IF(VLOOKUP(F11,$G$2:$R$96,2,0)="Used",VLOOKUP(F11,$G$2:$R$96,4,0)) -> #N/A | C11: 7019 | D11: 00001042 | E11: Ex kW-Cum C | F11: =C11-1 -> 7018 | G11: 7020 | H11: Used | I11: Ex Total kVArh | J11: 10 | K11: float | L11: AI | M11: 0.001 | N11: 0 | O11: EMT.RPProductionKWH | P11: 7020 | Q11: 3 | R11: FLOAT
A12: =IF(VLOOKUP(F12,$G$2:$R$96,2,0)="Used",VLOOKUP(F12,$G$2:$R$96,3,0)) -> Ex Total kVArh | B12: =IF(VLOOKUP(F12,$G$2:$R$96,2,0)="Used",VLOOKUP(F12,$G$2:$R$96,4,0)) -> 10 | C12: 7021 | D12: 00000169 | E12: Ex Total kVArh | F12: =C12-1 -> 7020 | G12: 7114 | H12: Used | I12: Im Total kWh | J12: 11 | K12: float | L12: AI | M12: 0.001 | N12: 0 | O12: EMT.APConsumedKWH | P12: 7114 | Q12: 3 | R12: FLOAT
A13: =IF(VLOOKUP(F13,$G$2:$R$96,2,0)="Used",VLOOKUP(F13,$G$2:$R$96,3,0)) -> #N/A | B13: =IF(VLOOKUP(F13,$G$2:$R$96,2,0)="Used",VLOOKUP(F13,$G$2:$R$96,4,0)) -> #N/A | C13: 7023 | D13: 00000160 | E13: Ex kVArh A | F13: =C13-1 -> 7022 | G13: 7116 | H13: Used | I13: Im Total kVArh | J13: 12 | K13: float | L13: AI | M13: 0.001 | N13: 0 | O13: EMT.RPConsumedKWH | P13: 7116 | Q13: 3 | R13: FLOAT
A14: =IF(VLOOKUP(F14,$G$2:$R$96,2,0)="Used",VLOOKUP(F14,$G$2:$R$96,3,0)) -> #N/A | B14: =IF(VLOOKUP(F14,$G$2:$R$96,2,0)="Used",VLOOKUP(F14,$G$2:$R$96,4,0)) -> #N/A | C14: 7025 | D14: 00000161 | E14: Ex kVArh B | F14: =C14-1 -> 7024 | G14: 7118 | H14: Used | I14: Active Power | J14: 13 | K14: float | L14: AI | M14: 0.001 | N14: 0 | O14: EMT.ActivePW | P14: 7118 | Q14: 3 | R14: FLOAT
A15: =IF(VLOOKUP(F15,$G$2:$R$96,2,0)="Used",VLOOKUP(F15,$G$2:$R$96,3,0)) -> #N/A | B15: =IF(VLOOKUP(F15,$G$2:$R$96,2,0)="Used",VLOOKUP(F15,$G$2:$R$96,4,0)) -> #N/A | C15: 7027 | D15: 00000162 | E15: Ex kVArh C | F15: =C15-1 -> 7026 | G15: 7120 | H15: Used | I15: Reactive Power | J15: 14 | K15: float | L15: AI | M15: 0.001 | N15: 0 | O15: EMT.ReactivePW | P15: 7120 | Q15: 3 | R15: FLOAT
A16: =IF(VLOOKUP(F16,$G$2:$R$96,2,0)="Used",VLOOKUP(F16,$G$2:$R$96,3,0)) -> #N/A | B16: =IF(VLOOKUP(F16,$G$2:$R$96,2,0)="Used",VLOOKUP(F16,$G$2:$R$96,4,0)) -> #N/A | C16: 7029 | D16: 00001100 | E16: Ex Max kVAr A | F16: =C16-1 -> 7028 | G16: 7008 | H16: Used | I16: Peak Active power A | J16: 15 | K16: float | L16: AI | M16: 0.001 | N16: 0 | O16: Peak Active power A | P16: 7008 | Q16: 3 | R16: FLOAT
A17: =IF(VLOOKUP(F17,$G$2:$R$96,2,0)="Used",VLOOKUP(F17,$G$2:$R$96,3,0)) -> #N/A | B17: =IF(VLOOKUP(F17,$G$2:$R$96,2,0)="Used",VLOOKUP(F17,$G$2:$R$96,4,0)) -> #N/A | C17: 7031 | D17: 00001101 | E17: Ex Max kVAr B | F17: =C17-1 -> 7030 | G17: 7010 | H17: Used | I17: Peak Active power B | J17: 16 | K17: float | L17: AI | M17: 0.001 | N17: 0 | O17: Peak Active power B | P17: 7010 | Q17: 3 | R17: FLOAT
A18: =IF(VLOOKUP(F18,$G$2:$R$96,2,0)="Used",VLOOKUP(F18,$G$2:$R$96,3,0)) -> #N/A | B18: =IF(VLOOKUP(F18,$G$2:$R$96,2,0)="Used",VLOOKUP(F18,$G$2:$R$96,4,0)) -> #N/A | C18: 7033 | D18: 00001102 | E18: Ex Max kVAr C | F18: =C18-1 -> 7032 | G18: 7012 | H18: Used | I18: Peak Active power C | J18: 17 | K18: float | L18: AI | M18: 0.001 | N18: 0 | O18: Peak Active power C | P18: 7012 | Q18: 3 | R18: FLOAT
A19: =IF(VLOOKUP(F19,$G$2:$R$96,2,0)="Used",VLOOKUP(F19,$G$2:$R$96,3,0)) -> #N/A | B19: =IF(VLOOKUP(F19,$G$2:$R$96,2,0)="Used",VLOOKUP(F19,$G$2:$R$96,4,0)) -> #N/A | C19: 7035 | D19: 00000140 | E19: Ex kVArh-Cum A | F19: =C19-1 -> 7034 | G19: 7138 | H19: Used | I19: Peak Reactive Power | J19: 18 | K19: float | L19: AI | M19: 0.001 | N19: 0 | O19: Peak Reactive Power | P19: 7138 | Q19: 3 | R19: FLOAT
A20: =IF(VLOOKUP(F20,$G$2:$R$96,2,0)="Used",VLOOKUP(F20,$G$2:$R$96,3,0)) -> #N/A | B20: =IF(VLOOKUP(F20,$G$2:$R$96,2,0)="Used",VLOOKUP(F20,$G$2:$R$96,4,0)) -> #N/A | C20: 7037 | D20: 00000141 | E20: Ex kVArh-Cum B | F20: =C20-1 -> 7036 | G20: 7002 | H20: Used | I20: Ex_kWh_RateA | J20: 19 | K20: float | L20: AI | M20: 0.001 | N20: 0 | O20: Ex_kWh_RateA | P20: 7002 | Q20: 3 | R20: FLOAT
... A22: =IF(VLOOKUP(F22,$G$2:$R$96,2,0)="Used",VLOOKUP(F22,$G$2:$R$96,3,0)) -> FALSE | B22: =IF(VLOOKUP(F22,$G$2:$R$96,2,0)="Used",VLOOKUP(F22,$G$2:$R$96,4,0)) -> FALSE | C22: 7041 | D22: 0000E000 | E22: Ph A Volt | F22: =C22-1 -> 7040 | G22: 7006 | H22: Used | I22: Ex_kWh_RateC | J22: 21 | K22: float | L22: AI | M22: 0.001 | N22: 0 | O22: Ex_kWh_RateC | P22: 7006 | Q22: 3 | R22: FLOAT
A23: =IF(VLOOKUP(F23,$G$2:$R$96,2,0)="Used",VLOOKUP(F23,$G$2:$R$96,3,0)) -> FALSE | B23: =IF(VLOOKUP(F23,$G$2:$R$96,2,0)="Used",VLOOKUP(F23,$G$2:$R$96,4,0)) -> FALSE | C23: 7043 | D23: 0000E001 | E23: Ph B Volt | F23: =C23-1 -> 7042
A24: =IF(VLOOKUP(F24,$G$2:$R$96,2,0)="Used",VLOOKUP(F24,$G$2:$R$96,3,0)) -> FALSE | B24: =IF(VLOOKUP(F24,$G$2:$R$96,2,0)="Used",VLOOKUP(F24,$G$2:$R$96,4,0)) -> FALSE | C24: 7045 | D24: 0000E002 | E24: Ph C Volt | F24: =C24-1 -> 7044
A25: =IF(VLOOKUP(F25,$G$2:$R$96,2,0)="Used",VLOOKUP(F25,$G$2:$R$96,3,0)) -> Phase A current | B25: =IF(VLOOKUP(F25,$G$2:$R$96,2,0)="Used",VLOOKUP(F25,$G$2:$R$96,4,0)) -> 4 | C25: 7047 | D25: 0000E010 | E25: Ph A Curr | F25: =C25-1 -> 7046
A26: =IF(VLOOKUP(F26,$G$2:$R$96,2,0)="Used",VLOOKUP(F26,$G$2:$R$96,3,0)) -> Phase B current | B26: =IF(VLOOKUP(F26,$G$2:$R$96,2,0)="Used",VLOOKUP(F26,$G$2:$R$96,4,0)) -> 5 | C26: 7049 | D26: 0000E011 | E26: Ph B Curr | F26: =C26-1 -> 7048
A27: =IF(VLOOKUP(F27,$G$2:$R$96,2,0)="Used",VLOOKUP(F27,$G$2:$R$96,3,0)) -> Phase C current | B27: =IF(VLOOKUP(F27,$G$2:$R$96,2,0)="Used",VLOOKUP(F27,$G$2:$R$96,4,0)) -> 6 | C27: 7051 | D27: 0000E012 | E27: Ph C Curr | F27: =C27-1 -> 7050
A28: =IF(VLOOKUP(F28,$G$2:$R$96,2,0)="Used",VLOOKUP(F28,$G$2:$R$96,3,0)) -> #N/A | B28: =IF(VLOOKUP(F28,$G$2:$R$96,2,0)="Used",VLOOKUP(F28,$G$2:$R$96,4,0)) -> #N/A | C28: 7053 | D28: 0000E020 | E28: Ph A angle | F28: =C28-1 -> 7052
A29: =IF(VLOOKUP(F29,$G$2:$R$96,2,0)="Used",VLOOKUP(F29,$G$2:$R$96,3,0)) -> #N/A | B29: =IF(VLOOKUP(F29,$G$2:$R$96,2,0)="Used",VLOOKUP(F29,$G$2:$R$96,4,0)) -> #N/A | C29: 7055 | D29: 0000E021 | E29: Ph B angle | F29: =C29-1 -> 7054
A30: =IF(VLOOKUP(F30,$G$2:$R$96,2,0)="Used",VLOOKUP(F30,$G$2:$R$96,3,0)) -> #N/A | B30: =IF(VLOOKUP(F30,$G$2:$R$96,2,0)="Used",VLOOKUP(F30,$G$2:$R$96,4,0)) -> #N/A | C30: 7057 | D30: 0000E022 | E30: Ph C angle | F30: =C30-1 -> 7056
A31: =IF(VLOOKUP(F31,$G$2:$R$96,2,0)="Used",VLOOKUP(F31,$G$2:$R$96,3,0)) -> FALSE | B31: =IF(VLOOKUP(F31,$G$2:$R$96,2,0)="Used",VLOOKUP(F31,$G$2:$R$96,4,0)) -> FALSE | C31: 7059 | D31: 0000E060 | E31: Frequency | F31: =C31-1 -> 7058
A32: =IF(VLOOKUP(F32,$G$2:$R$96,2,0)="Used",VLOOKUP(F32,$G$2:$R$96,3,0)) -> Power Factor | B32: =IF(VLOOKUP(F32,$G$2:$R$96,2,0)="Used",VLOOKUP(F32,$G$2:$R$96,4,0)) -> 8 | C32: 7061 | D32: 0000E026 | E32: Power Factor | F32: =C32-1 -> 7060
A33: =IF(VLOOKUP(F33,$G$2:$R$96,2,0)="Used",VLOOKUP(F33,$G$2:$R$96,3,0)) -> #N/A | B33: =IF(VLOOKUP(F33,$G$2:$R$96,2,0)="Used",VLOOKUP(F33,$G$2:$R$96,4,0)) -> #N/A | C33: 7063 | D33: 0000F03D | E33: Current DateTime | F33: =C33-1 -> 7062
A34: =IF(VLOOKUP(F34,$G$2:$R$96,2,0)="Used",VLOOKUP(F34,$G$2:$R$96,3,0)) -> #N/A | B34: =IF(VLOOKUP(F34,$G$2:$R$96,2,0)="Used",VLOOKUP(F34,$G$2:$R$96,4,0)) -> #N/A | C34: 7069 | D34: 0000FC00 | E34: DT LastReset | F34: =C34-1 -> 7068
... A58: =IF(VLOOKUP(F58,$G$2:$R$96,2,0)="Used",VLOOKUP(F58,$G$2:$R$96,3,0)) -> #N/A | B58: =IF(VLOOKUP(F58,$G$2:$R$96,2,0)="Used",VLOOKUP(F58,$G$2:$R$96,4,0)) -> #N/A | C58: 7151 | D58: 00008022 | E58: Ex PV kWp C Time | F58: =C58-1 -> 7150

Sheet AICA
A1: Check | C1: METER | G1: Enos
A2: =IF(VLOOKUP(F2,$G$2:$R$96,2,0)="Used",VLOOKUP(F2,$G$2:$R$96,3,0)) -> Inst_kW | B2: =IF(VLOOKUP(F2,$G$2:$R$96,2,0)="Used",VLOOKUP(F2,$G$2:$R$96,4,0)) -> 0 | C2: 7001 | D2: 0000E033 | E2: Inst kW | F2: =C2-1 -> 7000 | G2: 7000 | H2: Used | I2: Inst_kW | J2: 0 | K2: float | L2: AI | M2: 0.001 | N2: 0 | O2: Inst_kW | P2: 7000 | Q2: 3 | R2: FLOAT
A3: =IF(VLOOKUP(F3,$G$2:$R$96,2,0)="Used",VLOOKUP(F3,$G$2:$R$96,3,0)) -> Inst_kVAr | B3: =IF(VLOOKUP(F3,$G$2:$R$96,2,0)="Used",VLOOKUP(F3,$G$2:$R$96,4,0)) -> 1 | C3: 7003 | D3: 0000E043 | E3: Inst kVAr | F3: =C3-1 -> 7002 | G3: 7002 | H3: Used | I3: Inst_kVAr | J3: 1 | K3: float | L3: AI | M3: 0.001 | N3: 0 | O3: Inst_kVAr | P3: 7002 | Q3: 3 | R3: FLOAT
A4: =IF(VLOOKUP(F4,$G$2:$R$96,2,0)="Used",VLOOKUP(F4,$G$2:$R$96,3,0)) -> Ex_Total_kWh | B4: =IF(VLOOKUP(F4,$G$2:$R$96,2,0)="Used",VLOOKUP(F4,$G$2:$R$96,4,0)) -> 2 | C4: 7005 | D4: 00000069 | E4: Ex Total kWh | F4: =C4-1 -> 7004 | G4: 7004 | H4: Used | I4: Ex_Total_kWh | J4: 2 | K4: float | L4: AI | M4: 0.001 | N4: 0 | O4: Ex_Total_kWh | P4: 7004 | Q4: 3 | R4: FLOAT
A5: =IF(VLOOKUP(F5,$G$2:$R$96,2,0)="Used",VLOOKUP(F5,$G$2:$R$96,3,0)) -> Ex_kWh_RateA | B5: =IF(VLOOKUP(F5,$G$2:$R$96,2,0)="Used",VLOOKUP(F5,$G$2:$R$96,4,0)) -> 3 | C5: 7007 | D5: 00000000 | E5: Ex kWh RateA | F5: =C5-1 -> 7006 | G5: 7006 | H5: Used | I5: Ex_kWh_RateA | J5: 3 | K5: float | L5: AI | M5: 0.001 | N5: 0 | O5: Ex_kWh_RateA | P5: 7006 | Q5: 3 | R5: FLOAT
A6: =IF(VLOOKUP(F6,$G$2:$R$96,2,0)="Used",VLOOKUP(F6,$G$2:$R$96,3,0)) -> Ex_kWh_RateB | B6: =IF(VLOOKUP(F6,$G$2:$R$96,2,0)="Used",VLOOKUP(F6,$G$2:$R$96,4,0)) -> 4 | C6: 7009 | D6: 00000001 | E6: Ex kWh RateB | F6: =C6-1 -> 7008 | G6: 7008 | H6: Used | I6: Ex_kWh_RateB | J6: 4 | K6: float | L6: AI | M6: 0.001 | N6: 0 | O6: Ex_kWh_RateB | P6: 7008 | Q6: 3 | R6: FLOAT
A7: =IF(VLOOKUP(F7,$G$2:$R$96,2,0)="Used",VLOOKUP(F7,$G$2:$R$96,3,0)) -> Ex_kWh_RateC | B7: =IF(VLOOKUP(F7,$G$2:$R$96,2,0)="Used",VLOOKUP(F7,$G$2:$R$96,4,0)) -> 5 | C7: 7011 | D7: 00000002 | E7: Ex kWh RateC | F7: =C7-1 -> 7010 | G7: 7010 | H7: Used | I7: Ex_kWh_RateC | J7: 5 | K7: float | L7: AI | M7: 0.001 | N7: 0 | O7: Ex_kWh_RateC | P7: 7010 | Q7: 3 | R7: FLOAT
A8: =IF(VLOOKUP(F8,$G$2:$R$96,2,0)="Used",VLOOKUP(F8,$G$2:$R$96,3,0)) -> FALSE | B8: =IF(VLOOKUP(F8,$G$2:$R$96,2,0)="Used",VLOOKUP(F8,$G$2:$R$96,4,0)) -> FALSE | C8: 7013 | D8: 00001000 | E8: Ex Max kW A | F8: =C8-1 -> 7012 | G8: 7012 | I8: Ex_Max_kW_A | J8: 6 | K8: float | L8: AI | M8: 0.001 | N8: 0 | O8: Ex_Max_kW_A | P8: 7012 | Q8: 3 | R8: FLOAT
A9: =IF(VLOOKUP(F9,$G$2:$R$96,2,0)="Used",VLOOKUP(F9,$G$2:$R$96,3,0)) -> FALSE | B9: =IF(VLOOKUP(F9,$G$2:$R$96,2,0)="Used",VLOOKUP(F9,$G$2:$R$96,4,0)) -> FALSE | C9: 7015 | D9: 00001001 | E9: Ex Max kW B | F9: =C9-1 -> 7014 | G9: 7014 | I9: Ex_Max_kW_B | J9: 7 | K9: float | L9: AI | M9: 0.001 | N9: 0 | O9: Ex_Max_kW_B | P9: 7014 | Q9: 3 | R9: FLOAT
A10: =IF(VLOOKUP(F10,$G$2:$R$96,2,0)="Used",VLOOKUP(F10,$G$2:$R$96,3,0)) -> FALSE | B10: =IF(VLOOKUP(F10,$G$2:$R$96,2,0)="Used",VLOOKUP(F10,$G$2:$R$96,4,0)) -> FALSE | C10: 7017 | D10: 00001002 | E10: Ex Max kW C | F10: =C10-1 -> 7016 | G10: 7016 | I10: Ex_Max_kW_C | J10: 8 | K10: float | L10: AI | M10: 0.001 | N10: 0 | O10: Ex_Max_kW_C | P10: 7016 | Q10: 3 | R10: FLOAT
A11: =IF(VLOOKUP(F11,$G$2:$R$96,2,0)="Used",VLOOKUP(F11,$G$2:$R$96,3,0)) -> FALSE | B11: =IF(VLOOKUP(F11,$G$2:$R$96,2,0)="Used",VLOOKUP(F11,$G$2:$R$96,4,0)) -> FALSE | C11: 7019 | D11: 00001040 | E11: Ex kW-Cum A | F11: =C11-1 -> 7018 | G11: 7018 | I11: Ex_kW_Cum_A | J11: 9 | K11: float | L11: AI | M11: 0.001 | N11: 0 | O11: Ex_kW_Cum_A | P11: 7018 | Q11: 3 | R11: FLOAT
A12: =IF(VLOOKUP(F12,$G$2:$R$96,2,0)="Used",VLOOKUP(F12,$G$2:$R$96,3,0)) -> FALSE | B12: =IF(VLOOKUP(F12,$G$2:$R$96,2,0)="Used",VLOOKUP(F12,$G$2:$R$96,4,0)) -> FALSE | C12: 7021 | D12: 00001041 | E12: Ex kW-Cum B | F12: =C12-1 -> 7020 | G12: 7020 | I12: Ex_kW_Cum_B | J12: 10 | K12: float | L12: AI | M12: 0.001 | N12: 0 | O12: Ex_kW_Cum_B | P12: 7020 | Q12: 3 | R12: FLOAT
A13: =IF(VLOOKUP(F13,$G$2:$R$96,2,0)="Used",VLOOKUP(F13,$G$2:$R$96,3,0)) -> FALSE | B13: =IF(VLOOKUP(F13,$G$2:$R$96,2,0)="Used",VLOOKUP(F13,$G$2:$R$96,4,0)) -> FALSE | C13: 7023 | D13: 00001042 | E13: Ex kW-Cum C | F13: =C13-1 -> 7022 | G13: 7022 | I13: Ex_kW_Cum_C | J13: 11 | K13: float | L13: AI | M13: 0.001 | N13: 0 | O13: Ex_kW_Cum_C | P13: 7022 | Q13: 3 | R13: FLOAT
A14: =IF(VLOOKUP(F14,$G$2:$R$96,2,0)="Used",VLOOKUP(F14,$G$2:$R$96,3,0)) -> Ex_Total_kVArh | B14: =IF(VLOOKUP(F14,$G$2:$R$96,2,0)="Used",VLOOKUP(F14,$G$2:$R$96,4,0)) -> 12 | C14: 7025 | D14: 00000169 | E14: Ex Total kVArh | F14: =C14-1 -> 7024 | G14: 7024 | H14: Used | I14: Ex_Total_kVArh | J14: 12 | K14: float | L14: AI | M14: 0.001 | N14: 0 | O14: Ex_Total_kVArh | P14: 7024 | Q14: 3 | R14: FLOAT
A15: =IF(VLOOKUP(F15,$G$2:$R$96,2,0)="Used",VLOOKUP(F15,$G$2:$R$96,3,0)) -> FALSE | B15: =IF(VLOOKUP(F15,$G$2:$R$96,2,0)="Used",VLOOKUP(F15,$G$2:$R$96,4,0)) -> FALSE | C15: 7027 | D15: 00000160 | E15: Ex kVArh A | F15: =C15-1 -> 7026 | G15: 7026 | I15: Ex_kVArh_RateA | J15: 13 | K15: float | L15: AI | M15: 0.001 | N15: 0 | O15: Ex_kVArh_RateA | P15: 7026 | Q15: 3 | R15: FLOAT
